TARGET_deathRate,incidenceRate,medIncome,povertyPercent,MedianAge,MedianAgeMale,MedianAgeFemale,Geography,AvgHouseholdSize,PercentMarried,PctNoHS18_24,PctHS18_24,PctSomeCol18_24,PctBachDeg18_24,PctPrivateCoverage,PctPublicCoverage,PctPublicCoverageAlone,PctWhite,PctBlack,PctAsian,PctOtherRace,PctMarriedHouseholds
163.3,446.6,50703,10.4,43.2,41.8,45.5,"Winnebago County, Iowa",2.2,59.9,6.4,23.3,59.7,10.7,82,32.2,11.1,95.79800264,0.923308837,1.083474656,0.358017712,55.08733624
189.8,404.1,37548,22.4,44.7,43.2,46.6,"Lunenburg County, Virginia",2.48,45.7,21.3,31.4,NA,7.7,58.5,41.3,22.6,61.81716834,34.03408186,0.286669852,1.727982163,47.05491585
139.4,417,66249,9.5,43.1,42.2,44,"Harris County, Georgia",2.79,56.7,14.2,25.1,52.4,8.3,73.7,28.8,13.6,78.50256285,16.30461313,0.89394679,0.430192824,62.51512532
179,474,53186,11.6,39.6,38.6,40.6,"Floyd County, Indiana",2.57,49.9,14.7,32.9,NA,6.7,74.6,26.6,12.5,90.40843215,4.919631094,1.034255599,1.028985507,50.41254125
153.9,453.5494221,65373,10,34.7,34.7,34.6,"Pottawatomie County, Kansas",2.72,62.3,9.2,35,NA,6.5,80.4,23.8,10.7,94.08618785,1.290607735,0.901657459,0.685082873,62.60986328
160.5,453.5494221,56032,8.3,42,40.7,43.4,"Scott County, Kansas",0.0221,65.3,21,18.3,48.3,12.3,84.1,24.7,6.3,95.23133117,0,1.055194805,2.820616883,56.83060109
242.8,498.8,30872,30.4,40.7,39.4,42.9,"Morgan County, Kentucky",2.45,51.9,23.5,40.2,NA,0.9,47.3,51.8,33.7,94.28805481,3.232052428,0.305332142,0.223413762,56.8843594
184.9,453.5494221,43674,17.8,42.5,41.5,43.7,"Clearwater County, Minnesota",2.48,57.1,20.8,37.4,35.6,6.1,57.6,45.2,25.8,86.76873857,0.251371115,0.422760512,0.045703839,55.39300057
182.3,448,50802,12.6,43.4,43.7,43.1,"Washakie County, Wyoming",2.34,56,34.2,52.3,NA,0.2,66.8,32.2,13.9,91.23809524,0.678571429,0.166666667,4.142857143,51.70842825
224.6,560.5,26048,34.9,39.2,37.8,40.7,"Knox County, Kentucky",2.5,47.5,20,45.2,33.8,1.1,40.3,55.5,38.7,97.27435631,1.156905278,0.028293879,0.028293879,45.63246972
156.4,453.5494221,52219,9.6,47.6,46.7,48.5,"Murray County, Minnesota",2.24,61.4,18.9,32.6,NA,9.6,76.2,36.3,13.5,96.7288076,0.351741119,0.433814046,0.621409309,55.47230399
168.7,430.4,44735,15.4,39.1,38.4,39.9,"Marquette County, Michigan",2.38,46.4,6.4,23.3,62.3,8,73.2,32.7,13.9,93.37397532,1.691278743,0.705809239,0.269302477,47.85878973
163.1,375.6,50589,16.1,29.1,28.3,30,"Waller County, Texas",2.94,44.8,9.6,25.2,NA,1.1,55.9,28.8,19.3,68.98379392,25.36480031,0.7721334,1.98050036,54.39477649
195.9,447.5,39528,17.4,42.7,42.2,43.1,"McMinn County, Tennessee",2.58,52.1,14.1,45.6,NA,4.7,62.5,39.6,21.5,92.57608654,4.04906106,0.457090618,0.681826839,53.20852938
150,453.5494221,41797,11.5,49.6,46.4,52.5,"Cheyenne County, Kansas",2.09,61.8,21.4,18.5,NA,12.7,79.7,33.5,9.7,94.7054437,0,1.15585384,3.243847875,52.77337559
209.6,453.3,36942,19,39.7,38.7,40.4,"Warren County, Tennessee",2.51,50.2,16.8,47.8,NA,4.7,55,43.9,27,91.94302137,1.312007997,0.487317256,2.481569411,47.4107656
229.6,461.4,34801,20.8,44.3,43.6,44.8,"Meigs County, Tennessee",2.51,55.7,14.8,63.8,NA,3.1,57,42.7,23.7,96.24445203,1.596107887,0,0,54.91341991
176.3,429.7,48461,17.1,37.5,36.3,38.9,"Harrison County, Texas",2.76,53.3,12.5,34.5,NA,4.3,60.7,31.5,17.9,72.92711203,21.66463405,0.525467877,2.773386332,56.07321838
254.3,501.8,29344,30.6,42.1,40.8,43.3,"Casey County, Kentucky",2.44,58.7,17.9,25.2,56.2,0.7,48.3,44.4,28.9,97.19192679,0.796038611,0.250720822,0.300864987,55.74874687
195.3,439.8,43466,16.6,38.8,37.9,39.8,"Crawford County, Arkansas",2.58,58,15.7,46,36.6,1.6,57.4,38.5,24,90.93897778,1.13202047,1.65349485,1.196799896,56.79732758
180,475.2,51978,11.8,40.2,38.9,41.5,"Franklin County, Missouri",2.53,56.7,16.1,33.6,44.5,5.8,71.6,28.6,16.5,96.25054013,1.034096712,0.497898417,0.617708292,54.77389453
160.4,461.9,51513,12.1,46.8,45.6,47.9,"Windsor County, Vermont",2.25,53.4,17.1,40.2,NA,10.8,66.3,43.9,22.4,95.94479074,0.669634907,0.934995548,0.463045414,49.80617783
174.9,447.1,47224,14.8,40.8,38.9,41.9,"Brule County, South Dakota",2.47,58.1,26.9,28.7,NA,4,71.6,30.6,14.5,86.15384615,0,0,0.075046904,56.55539429
173.6,473.3,47278,18.3,37.1,35.4,38.7,"Providence County, Rhode Island",2.53,40.8,12.3,27.7,NA,11.7,63.9,35.7,21.3,73.46790196,9.604272443,4.081788031,8.934601616,39.9972302
183.2,389.4,48140,16.2,42.6,39.9,44.3,"Burleson County, Texas",2.67,54.9,19.1,34,NA,5.3,61.2,34.8,15.8,78.71971318,12.25351298,0.399005378,6.083386341,54.53835338
163.7,496.6,81940,6.1,41.9,40.4,43.2,"Hanover County, Virginia",2.65,58.9,13.4,30.3,46.4,9.9,84.7,22.1,8.6,86.44069469,9.299388198,1.474245115,0.69765147,61.85836692
156.6,452.9,51003,11.3,43.4,42.1,44.8,"Wood County, Wisconsin",2.3,55.3,12.2,39.4,NA,10.1,72.8,37.5,18.7,94.99675728,0.532346106,1.991568935,0.614765173,51.03572217
113.2,339,49709,12.9,34.5,34.3,34.8,"Emery County, Utah",3.02,61.9,10.9,38,47.1,4,73.3,28.4,12.5,98.92803878,0.167785235,0.055928412,0.438105891,67.06315491
182.5,478.6,45476,16.4,38.8,37.3,40.5,"Erie County, Pennsylvania",2.43,46.7,12.1,31.8,45.5,10.6,69.6,36.7,19.4,87.52474469,7.066798162,1.423221777,0.873657355,46.11948988
167.3,430.4,47548,14.7,50.7,48.7,52.2,"Indian River County, Florida",2.44,51.7,22.4,36.2,36.1,5.3,59.5,45.1,20.6,86.17375723,9.246426722,1.192026094,1.493007434,49.97492434
159.5,479.8,51880,18.7,30.2,28.5,31.8,"Tompkins County, New York",2.35,37.3,3.1,13,NA,14.6,79.9,24.9,13.1,81.26041115,4.154831255,10.04573684,0.876221655,41.07124285
163.1,402.3,40591,24.5,38.5,36.9,40,"Valencia County, New Mexico",2.78,49.2,18.6,36.2,NA,1.6,52.6,46.1,29.7,74.65169011,1.125863402,0.559655032,16.69528291,51.14469717
219.8,469.3,40526,18.9,39,36.2,40.3,"Pierce County, Georgia",2.72,50.2,21.4,44.9,NA,2.8,54.2,37.7,21.4,86.42653428,7.821907679,0.485898384,2.070349636,51.56748911
155.7,486.6,57447,12.8,38.7,38.3,38.8,"Shelby County, Kentucky",2.67,55.7,26.3,36.9,NA,3.8,71.6,29.3,14.1,86.71483405,7.243170016,1.117633777,2.765861368,58.37739174
154.3,436,55708,10.2,44,43.3,45.2,"Turner County, South Dakota",2.31,63.9,17.3,25.1,48.7,8.8,78.2,29.7,12.2,97.32594556,0.554083353,0.036135871,0.301132257,59.11931818
167.7,341.6,29415,23.9,45.8,45.6,46,"Oregon County, Missouri",2.48,53.9,14.8,45.7,NA,1.3,48.8,47.7,26.7,95.36387649,0.236815739,0.109299572,0.537389562,50.79001603
203.4,454.6,35528,20.1,43.9,43.3,44.7,"Winston County, Alabama",2.53,52.7,19.9,33.5,NA,2.8,58.8,43.9,22.8,96.17488603,0.505594695,0.178201409,0.111893908,52.95556028
166.5,492.4,49251,11.6,48,46.5,49.3,"Douglas County, South Dakota",2.22,66,13.8,20.7,56.9,8.5,71.7,29.5,11.1,95.62731248,0,0.033636058,0,60.49382716
178.9,440.7,48216,10.3,45.9,45,47.7,"Adair County, Iowa",2.25,56.2,8.6,46.1,NA,11.5,75.5,38,14.2,98.46485322,0.363587396,0.323188796,0.175060598,51.62589037
180.2,410.4,46526,16.7,41.4,40.5,42.7,"Freestone County, Texas",2.44,52.7,22.5,32.7,NA,10.3,61.5,33.4,15.2,79.79679363,16.20545287,0.275707138,1.322373124,52.28193357
178.7,489.2,42302,21.9,36.8,35.2,39.1,"Butte County, California",2.55,42.4,8.5,25,NA,7.9,58.5,42.3,24,83.30547618,1.432846282,4.309322262,3.278607502,42.75182259
168.5,437.9,49507,12.4,45.9,44.4,46.7,"Guthrie County, Iowa",2.34,59.6,7,30.7,NA,10.4,74.4,35.9,15.6,97.71880819,0.754189944,0.148975791,0.456238361,54.80726628
239.3,492.5,30217,34.4,40.8,40.5,41,"Lewis County, Kentucky",2.54,55.1,24.3,40.3,NA,1.7,49.1,47.6,30.9,98.22335025,0.261058738,0.072516316,0.478607687,53.7874558
166.5,453.5494221,65549,10.9,37.3,36.4,38.6,"Leavenworth County, Kansas",2.7,53.1,13.3,30.5,NA,8.1,80.2,26.7,10.6,83.88535927,8.462551293,1.574903806,1.127487952,56.92974913
154.5,453.5494221,51343,10.4,46.5,44.4,48.6,"Pope County, Minnesota",2.23,63,20.2,32.3,NA,6.9,76.8,37.6,15.5,97.52466204,0.548045305,0.356229448,0.447570332,56.62299854
220.9,416.8,31386,27.2,37,36.4,38.2,"Adair County, Oklahoma",2.78,52.7,24.4,47.6,NA,2.8,38.6,41.9,29.4,44.2885411,0.296815974,0.589134736,0.98938658,51.95783133
174.6,441.7,54468,9.3,42.7,42.4,42.9,"Spencer County, Indiana",2.58,60.4,20.8,31.9,NA,11.1,77.9,28.5,12.2,96.23130035,0.594553126,0.316455696,1.745301112,62.49372175
177.4,449.8,41037,23.7,27.2,26.6,28,"Payne County, Oklahoma",2.36,41.1,5.1,18.7,66.7,9.5,70.8,26,14.1,80.74235423,3.725621042,4.18392657,0.492300719,42.72642886
232.1,541.3,34991,23.9,40.1,38.9,41.2,"Carter County, Kentucky",2.54,51.9,14.4,33.3,47.3,5,54.3,41.7,26,97.95798873,0.819732123,0.135402181,0.073190368,52.61752646
186.9,442.3,47391,13.9,38.8,37.2,39.8,"Washita County, Oklahoma",2.46,60.5,34.1,31.7,NA,7.8,67.3,30.9,18.2,90.52279166,0.051506567,0.163104129,2.000171689,57.19827586
213.3,458.9,44801,16.5,43.6,42,45.6,"Pleasants County, West Virginia",2.43,55,9,47.1,NA,4.3,71.6,36.8,17.7,97.14510215,0.275013096,0,0,56.79225717
209.5,463.4,35799,20.6,43,42.3,44.1,"Mason County, West Virginia",2.44,51.6,23.1,42.5,NA,3.3,59.6,47.6,26.6,97.86584244,0.724877654,0.058873312,0.099348714,50.71046319
129,398.9,48456,11.8,43.6,41.4,45.5,"Kane County, Utah",2.55,55.9,12.4,72.1,9.6,5.9,64.5,33.4,13.5,93.77950569,0.180505415,0.124965287,0.402665926,51.45213338
173.2,550.1,41757,19.3,41.7,40.2,43.1,"Chautauqua County, New York",2.36,47,13.8,25,NA,6.5,66.5,41,22.4,93.04615292,2.517226302,0.677743769,1.522850293,45.57763418
168.5,428.7,43841,24,28.4,27.6,29.3,"Monroe County, Indiana",2.36,36,3.9,17.5,65.2,13.4,76.6,21.6,11,86.84657734,2.928288531,6.131148001,0.766832392,38.45841411
157,464.3,49890,13,45.8,44.4,47.1,"Berkshire County, Massachusetts",2.22,45.6,13.5,27.9,NA,9.3,70.7,44,22.6,91.822907,2.798403564,1.517542231,1.222077842,43.45582911
153.6,453.5494221,68777,7.6,37.9,36.9,39,"Dodge County, Minnesota",2.67,59.6,13.3,38.6,NA,7,81.8,24.7,12,97.25480532,0.537210448,0.473139478,0.359783144,59.42297512
199.4,487.7,43810,16.2,45.4,43.9,46.9,"Venango County, Pennsylvania",2.38,53.5,17.9,46.5,NA,7.2,67.3,41.3,20.3,96.82039105,0.888583831,0.387711943,0.144696323,51.88666456
180.3,459.6,46388,17.2,36.5,35.3,37.6,"St. Joseph County, Indiana",2.5,46.6,13.5,31.9,NA,10.2,68.4,30.2,17.1,79.52859912,12.9214282,2.013126483,2.037074456,46.38007941
165.4,494,48292,12.7,43.6,42.1,44.9,"Floyd County, Iowa",2.28,55.4,21.7,26.3,43.4,8.6,69,39.3,19.9,94.7165109,2.024922118,0.753894081,0.361370717,50.3260397
166.7,387.2,54232,11.4,40,39.2,40.8,"Allegan County, Michigan",2.67,58.1,17.5,41,36.6,4.8,72,32.5,17.4,94.46546789,1.519005291,0.747095368,0.935863236,60.28214738
165.8,444.5,51003,15.8,35.7,34.5,37.2,"Victoria County, Texas",2.73,50.6,23,37,NA,4.7,61.2,30.5,17.3,85.55033907,6.303066627,1.275263876,3.453978402,51.38418948
200.1,467.6,36350,23.3,39.9,36.8,43.5,"Caldwell Parish, Louisiana",2.48,46.4,26.3,37.5,NA,1,49.8,38.6,23.2,81.29129129,17.56756757,0.14014014,0,46.0656592
211.2,435,38338,20.3,43,42.4,43.8,"Crittenden County, Kentucky",2.4,57.4,17.9,53,NA,8.1,61.7,38.2,18.3,97.40837129,1.225330731,0.043374539,0.086749078,54.51398136
144.3,422.3,52225,14.9,44.1,42.3,45.8,"Palm Beach County, Florida",2.54,46.9,17.7,28.9,NA,8.8,60.5,35.5,19.5,74.98799686,17.97243412,2.503905553,2.180944963,45.4432712
191.5,466.6,47708,16.9,39.2,38.1,40.3,"Winnebago County, Illinois",0.0251,48.2,18.6,34.6,38.8,8,64.4,38.4,22.9,78.77316752,12.53344076,2.486924965,3.091182658,46.52714376
189.4,426,47369,14.6,39.9,38.8,41.1,"Ashland County, Ohio",2.5,53.6,13.7,31.4,NA,5.3,70.7,32,15.4,96.93733667,0.836639155,0.537705165,0.342176014,54.49160425
170.7,376.6,46371,15.2,40.6,39.8,41.9,"Branch County, Michigan",2.58,51.4,24.7,38,NA,6.2,66.6,36.7,19.2,94.67807624,2.377247975,0.464467121,0.681828582,53.74485083
224.8,425.2,29609,28.3,41,38.4,43.7,"Williamsburg County, South Carolina",2.64,37.2,23.1,37,NA,4,51.8,44.1,26.3,32.01456165,66.06594861,0.153438835,0.397135808,39.62978544
172.1,437,61792,10.5,37.1,36,38.3,"Prince George County, Virginia",3.03,49.7,12.5,36.2,NA,5,80.5,25.2,9,59.75922953,32.070626,2.09470305,2.070626003,61.87173482
169.1,457.2,52967,13.4,39.6,38.1,41.1,"Dauphin County, Pennsylvania",2.41,47.3,18.3,35.4,34.2,12,72.4,32.4,16.2,72.09676348,18.00113614,3.529771961,2.892723557,44.48062907
131.2,368.1,32215,34.5,31.2,29.2,33,"Cameron County, Texas",3.42,48.9,22.9,33.7,NA,2.9,34.8,38.8,28.9,92.09301658,0.570885782,0.65175728,5.414083604,52.47363684
134.7,370.5,53721,9.7,48.5,47.1,50.6,"LaMoure County, North Dakota",2.2,64.6,24.3,23.2,42.3,10.1,82,31.4,9.9,98.51689764,0.121565767,0,0.14587892,58.26086957
186.9,506.1,49125,13.2,45.1,43.1,47.3,"Greene County, Iowa",2.3,61,18.8,34.6,36.6,10,75.1,38.7,17.6,97.90712884,0.054501853,0.436014825,0,55.33486122
174.8,443.9,35629,21.5,43.3,41.9,45,"Rutherford County, North Carolina",2.48,50.4,26.7,32.1,NA,5.9,53.4,45.6,26.6,85.35108054,10.18320497,0.595229193,2.096762133,50.04540982
219.4,474,45411,17.4,41.3,39.1,42.9,"Kershaw County, South Carolina",2.58,50.1,17.9,37.9,NA,5.2,64.3,34.6,18.8,70.94958707,24.87484455,0.49105577,1.315327955,49.1981483
203.2,401.7,47123,17.4,36.4,35.9,37,"Liberty County, Texas",2.82,51.5,23.6,38.8,NA,0.7,53.5,32,20.9,80.7991121,10.6948352,0.667217304,5.788142374,56.02906908
173.5,392.3,40722,19.7,47.7,46.5,49.6,"Pope County, Illinois",2.52,47.5,31.7,42.1,NA,0,62.5,48.8,26.7,93.92749942,3.671207573,0.484876472,0.946663588,53.98618958
203.1,460.6,41514,18.2,38.8,37.4,40.7,"Kay County, Oklahoma",2.46,49.3,25.1,35.5,36.8,2.6,58.6,38.7,21.4,79.2331147,1.882115515,0.633952662,2.66523351,46.08887662
186.1,431.1,32508,25,39.7,38.1,41.9,"Anson County, North Carolina",2.55,39.3,20.6,46.1,NA,3.3,53.2,41.5,25.5,48.12703271,48.81193801,1.170843696,0.577769275,40.6686994
160.1,482.4,52485,10.7,40.6,39.1,42,"Chippewa County, Wisconsin",2.44,55.6,14.2,36.1,42.6,7,73.4,33.9,15.7,95.12569413,1.358983689,1.202360423,0.229397712,55.24062236
188.4,519.2,49342,15.9,41.4,40.5,43,"Granville County, North Carolina",0.0268,46.3,25,28.8,NA,6,64.6,35.4,20.3,61.82519059,31.08296477,0.478411262,3.142370373,49.76017406
228.8,478.4,36774,29.1,31.6,27.4,34.4,"Menominee County, Wisconsin",3.48,37.2,24.9,63.9,11.2,0,33.9,45.2,33,11.00876208,0.426870366,2.44888789,0.15726803,40.11119936
201.9,460.4,35490,23.1,44.1,43.5,44.8,"Fairfield County, South Carolina",2.52,45,14,53.6,30.2,2.2,52.4,43.2,26.3,39.11199585,57.43898217,0.268305349,0.701055911,44.17130145
185,310.1,42191,14.5,47.5,46,48.7,"Menominee County, Michigan",2.19,52.9,19.9,43.3,NA,2.9,66.3,41.3,20.1,94.72108614,0.265632247,0.202386474,0.059029388,47.10178856
162,432.9,51423,9.1,44.5,42.7,46.5,"Osceola County, Iowa",2.28,61.6,27.1,40.1,NA,6.3,74.2,34.1,14.6,95.5240702,0.402511673,0.257607471,2.656577041,56.51685393
166.3,357,34304,24.5,41.8,40.6,42.4,"Hidalgo County, New Mexico",2.47,46.1,23.7,48.5,27.2,0.7,42.7,51.9,35,91.21257807,0.258453586,0,5.104458324,44.58424508
177.7,453.5494221,48525,14.7,45.9,44.6,47.1,"Itasca County, Minnesota",2.33,58.5,14.7,27.1,52.7,5.5,69.6,40.6,18.9,93.05904661,0.489482736,0.390263262,0.273404771,55.68151859
224.4,651.3,32749,25.8,39.5,37.3,41.1,"Petersburg city, Virginia",2.44,29.5,14.3,43.7,NA,12,53.1,43.3,26.3,18.14898982,77.07250257,1.319926532,1.273231018,27.0092947
173.4,414.4,46196,12.8,40.4,37.5,42.3,"Benton County, Indiana",2.52,51.4,17.6,46.6,NA,2.7,62.4,35.9,20.5,97.82906764,0.845521024,0.148537477,0.262797075,50.01458151
179.9,457.2,34620,21,50,47.9,51.3,"Cherokee County, North Carolina",2.51,53,15,28.5,NA,5.5,51.8,47.3,24.4,93.69924701,1.616713421,0.369112653,0.668093902,53.94637462
157.2,399.2,50699,18.3,33.1,31.8,34.5,"Bexar County, Texas",2.9,45,15.6,31.6,45.3,7.5,61.1,30.8,18.3,77.71456838,7.479148201,2.630399748,8.319848458,45.72944794
177.9,453.5494221,46859,9.9,49.1,48.8,49.4,"Trego County, Kansas",2.21,66,3.4,26.3,NA,14.8,83.3,26.8,6.1,95.62860047,0.304981362,0.406641816,0.711623179,59.37019969
167.2,438.5,55472,12.4,46.9,44.9,48.2,"Hood County, Texas",2.51,58.3,20.4,36.9,NA,3,64.9,36.3,16,93.66007786,0.818115138,0.626281244,3.116360422,57.52914198
151.2,453.5494221,54354,10,42,41.8,42.2,"Meeker County, Minnesota",2.48,60.4,20.2,37.2,NA,4.5,75.7,32.6,13.4,97.32802975,0.436681223,0.419386917,0.237796705,57.3795509
168.9,484.1,41216,17.5,42.5,41.2,43.7,"McCracken County, Kentucky",2.33,49,17.2,35.6,NA,4.6,65.2,37.9,21.1,85.29690558,10.76168053,0.902030333,0.409735812,45.15519372
195.8,451.5,39408,15.6,52.4,52.4,52.5,"Iron County, Wisconsin",1.99,58.1,22.2,27.7,NA,1.6,65.3,46.7,21.4,97.12205857,0.440155747,0.067716269,0.338581344,50.13745704
172.1,425,49565,10.1,41.5,40.3,42.6,"Van Wert County, Ohio",2.49,56.3,16.7,41.5,34.6,7.1,71.4,36.5,18,96.57754759,0.899356103,0.279955207,0.804871221,55.08586526
213.8,430.4,43476,15.4,41.4,39.9,42.7,"Pawnee County, Oklahoma",2.6,55.7,20.4,49.4,NA,2.6,59.8,38.1,20.3,79.8169586,1.109158131,0.400024244,0.32123159,55.63873845
200.6,474,42075,21.8,37.7,37.1,38.2,"St. Mary Parish, Louisiana",2.58,43,24.1,40.4,NA,2.9,51.3,40.5,25.3,59.90531614,31.129657,1.626092326,2.019049045,41.74704724
194.4,509.6,52448,16.7,36.8,35.5,38.3,"Peoria County, Illinois",2.39,46.3,12.5,25,NA,11.4,68.1,36.5,21.7,73.95730899,17.53067681,3.685493181,1.397558681,43.42926195
157.3,483.7,58368,11.1,36.9,35.9,37.9,"Rankin County, Mississippi",2.62,53.5,15.2,26.8,NA,12.1,73.1,26.8,13,77.11176675,19.68915448,1.223758355,0.673203371,54.32342007
195.3,393.4,39158,18,41.8,40.9,42.6,"Madison County, Arkansas",2.46,62.2,13.9,45.7,NA,1.8,56.4,38.7,22.9,94.86689594,0.464908929,0.6177557,0.713284932,60.85515936
106.1,307.1,57242,9.6,52.9,51.2,53.5,"Ouray County, Colorado",2.31,61,17.3,37.6,NA,2.4,69.8,35,13.9,97.72925764,0,0.829694323,0,56.86868687
156.5,404,61762,9.6,481.2,39.4,41.4,"Greene County, Virginia",2.64,59.8,7.1,52.3,NA,2.6,69.7,26.1,13.8,88.44650966,6.58464463,1.24089133,1.019115007,58.64154127
161.3,433.1,51958,10.2,39.8,38.7,40.8,"Osage County, Missouri",2.62,58.1,11.2,29.6,NA,4.8,78.6,27.4,12.2,98.34278238,0.828608809,0.058147987,0.341619421,60.89830838
194,524.4,35991,22.1,42.1,39.9,43.9,"Lenoir County, North Carolina",2.47,44,21.5,37.7,NA,2.3,53.2,45.3,24.7,55.20397401,40.24531319,0.634547991,1.568507366,41.64131133
173.9,496.2,57732,12.4,40.6,39.2,41.8,"Bristol County, Massachusetts",2.53,46.5,12.9,33.2,NA,10.8,70.5,39.1,21.9,87.1416864,3.698691844,2.072316707,4.169237087,46.67333242
174.2,423,38607,18.1,41.9,40,44.3,"Runnels County, Texas",2.76,51.1,21,46.6,25.8,6.7,58.9,37.7,20.2,91.63235998,2.077549067,0.603159406,3.303015797,52.36294896
186.7,433.7,50258,13.1,39.5,38.8,40.3,"Decatur County, Indiana",2.57,54,23.2,37.5,NA,6.6,68.8,30.6,16.3,96.23094512,0.777439024,1.299542683,0.689786585,52.29303157
208.1,380.1,38071,25.6,36.4,34.5,40.2,"Lafayette County, Florida",2.81,43,37.1,40.7,NA,2.1,51.7,36.6,22.6,77.320759,18.13430292,0.068174071,3.033746165,54.47252306
176.2,488.8,26580,35.1,39.3,37.9,40.6,"Bullock County, Alabama",2.73,28.9,8.2,65.5,NA,0,48.1,44.3,28.9,26.64356621,70.70612474,0.206031092,0,31.79473256
214.3,485.1,35681,28.8,34.6,34,35.4,"St. Louis city, Missouri",2.2,28.6,16.1,24.9,NA,14.5,55.5,35.3,23.9,45.74547743,47.68475696,2.845367312,0.820827434,24.42907814
177.8,453.5494221,47025,13.2,46.2,45,47.6,"Chase County, Kansas",2.34,54.4,15.9,47.7,NA,6.8,72.9,35.3,14,95.77516532,0.881704629,0,0.440852314,51.44144144
193.6,466,35468,27.9,35.4,34.7,36.1,"Orleans Parish, Louisiana",2.38,30,15.9,26.3,NA,12.6,53.9,37.6,25.8,34.29306308,59.53898996,3.022790374,1.382923942,26.74611467
206.1,548.5,60081,9.1,47.1,47.4,46.8,"Grand Isle County, Vermont",2.34,59.8,11.9,32.5,NA,14.5,69.9,41.2,22.9,94.92232451,0,0.373993096,0.115074799,58.04384486
159.7,456.5,51175,13.6,39,37.5,40.4,"Limestone County, Alabama",2.64,54.6,24.2,25.9,NA,5.7,69.5,29.9,15.8,81.05399471,12.86639266,1.24542537,2.042677777,57.69099432
153.8,430.7,61937,13.4,34.6,33.7,35.6,"Dane County, Wisconsin",2.35,47.5,6.3,21.9,NA,21.4,82.5,22.6,10.2,84.4213423,5.199353976,5.404960427,1.885542476,45.26843317
155.1,395.8,51827,15.2,35.4,34.1,36.4,"Sutter County, California",2.95,53,18.9,31.9,NA,4.5,54.5,41.4,26.9,69.56439573,2.151248858,14.74482136,6.138776024,53.34461259
236.8,639.7,41910,18.6,41,39.8,41.5,"Bracken County, Kentucky",2.54,53.4,22.3,35.6,41.4,0.7,66.7,37.4,22.3,98.93175074,0.023738872,0,0.913946588,49.89403573
239.8,380.6,32120,28.7,37.6,36.3,38.8,"Pemiscot County, Missouri",2.53,41.5,23.3,49.8,25.1,1.8,45.7,47.5,28,70.23602624,27.15703313,0.033637944,0.37001738,38.70967742
147.9,408.2,54771,10.4,36.2,34.3,38.3,"Meade County, South Dakota",2.42,61.8,17.4,28.1,NA,3,73.4,29.1,13.2,90.31879004,1.842234942,0.993139002,1.250900269,58.5480978
143.3,365.9,63575,9,38.1,37.6,39.1,"Lincoln County, Wyoming",2.68,61.4,14,55.2,25.7,5.1,77.6,24.9,10.6,96.53854553,0.147412099,0.414937759,0.540511029,61.14462263
160.1,398.2,58792,11.2,40.6,40.2,41.2,"Austin County, Texas",2.59,59.6,17.1,49.5,NA,4.7,67.3,28.4,14.2,84.75732189,8.838191511,0,3.454960881,58.69722776
203.9,471.1,34830,21.1,40.3,38.2,42.4,"Chattooga County, Georgia",0.0249,46.9,34.7,34.3,NA,4.4,49.3,43.6,26.5,86.31195278,10.72857652,0.511073254,0.895368646,46.77488253
270.4,529.6,27484,40.6,38.1,35.6,41.8,"Martin County, Kentucky",2.57,51.4,19.8,52,NA,0.2,39.2,56.5,39.7,94.34724092,4.72646663,0.00791703,0.316681181,52.68518519
220.7,460.1,35774,21.3,40,38.6,41.9,"Butler County, Missouri",2.51,51.4,16.1,31.5,NA,5.6,57.1,42.3,23.6,90.70103141,5.559823985,0.577402156,0.363204582,49.85056784
202.6,514.6,40013,18.5,46,44.6,47.2,"Wetzel County, West Virginia",2.46,51.4,19.8,52.5,NA,3.2,63.5,44.6,21.3,98.44030451,0.117596088,0.470384354,0,51.70881226
161.3,419.5,47451,24.5,31.1,30.5,31.7,"Kern County, California",3.21,46.5,19.7,36.6,NA,3.7,51.8,40.1,29.5,74.69748284,5.662349723,4.568367262,10.47189905,50.96534463
184.8,427.6,41883,20.1,37.7,36,39.6,"Bowie County, Texas",2.63,46.6,17.3,40.9,NA,3.2,59.7,36.1,19.6,69.25339488,24.27030218,0.984380871,2.232837744,47.41046585
169.8,463.5,45453,15.4,42.1,41.6,42.9,"Pender County, North Carolina",2.67,51.7,22,32.2,NA,6.9,63.1,35.8,17.9,76.27705471,17.11924011,0.208461734,3.681615488,52.10630899
168,294.6,46364,13.1,53.1,53.4,52.8,"Jeff Davis County, Texas",2.12,59.5,51.3,48.7,NA,0,56.3,40.3,17.8,90.86021505,0.313620072,1.075268817,6.272401434,55.22971652
193.5,501.4,49897,16.5,502.8,40.7,43.5,"Greene County, Pennsylvania",2.33,49.4,10.7,42.9,38.3,8.1,71.4,36.2,17,92.21624756,5.071432337,0.218778006,0.548262955,50.06252605
149.8,412.7,43242,11.9,57.3,56.2,58,"Charlotte County, Florida",2.26,55.8,23.5,37.8,34,4.7,61.1,51,20.1,90.49902584,5.606123668,1.282399281,0.573038249,53.69071476
160,436,41382,19,38.8,37.6,40.4,"Pueblo County, Colorado",2.49,46.7,20.1,29.2,NA,6.6,58.4,45.5,27.1,78.76225088,2.238745906,0.763996805,10.99870603,44.75893652
227.9,511.5,30172,26.2,42.7,40.2,44.3,"Monroe County, Kentucky",2.39,55.9,16.3,42.3,NA,2.2,55.3,48.3,30.3,95.58755225,2.563864375,0.120761728,1.003251277,53.49988746
211.8,500.6,39506,19.6,43.4,42.3,44.5,"Hawkins County, Tennessee",2.42,52.7,12.6,46.8,NA,5.8,61.2,42.4,23.8,96.21874724,1.397649969,0.367523633,0.385193038,50.25251435
191.8,469.5,41346,18.3,38.4,36.5,40.7,"Randolph County, Missouri",2.72,47.1,23.6,28.1,NA,2.4,61.5,39.1,21.4,90.5351104,5.008951661,0.517207082,0.266560573,51.46745562
171.3,492.1,57682,8.4,44,43.1,45.7,"Hancock County, Iowa",2.33,60.3,17,29.7,42.9,10.4,79.4,33.2,13.9,97.08799135,0.64911648,0.306527227,0.4056978,56.73015194
183.4,483.1,32408,26.1,36.7,35.6,37.5,"Cook County, Georgia",2.74,50.2,27.4,41.1,NA,1.1,45,38.4,24.8,69.13638232,27.6991722,0.293547819,1.567545353,51.46987169
194.5,414.1,42572,16.3,38.3,37.1,39.5,"Greene County, Arkansas",2.56,53.1,20.5,40.2,NA,3.5,58.7,41.1,23.6,96.22193536,0.917431193,0.133696003,0.786040293,53.29097231
194.7,453.5494221,50525,12.9,43,39.7,46.7,"Harper County, Kansas",2.34,56.6,17.1,44.7,NA,6.3,71.7,32.8,14,96.21225047,0.153557413,0.051185804,0.580105784,51.95232224
159,463.7,61908,11,36.3,35,38.1,"Chittenden County, Vermont",2.36,46,6.5,15.1,62.4,15.9,77.7,29.2,15.6,91.5779126,2.383054392,3.245236709,0.403228331,46.86919273
174,473.2,40782,18.2,40.5,39.3,42,"Tehama County, California",2.63,51.4,14.8,45.1,NA,1.8,53.1,47.8,28,86.44381809,0.508297441,1.28103623,4.609513555,50.75092811
182.6,471.3,58539,10.9,39,37.6,40,"Clay County, Florida",2.84,53.4,16,35.4,NA,5,70.1,29.7,14.9,82.00864161,9.763596853,3.166393978,1.06931014,56.88094652
170.6,368.5,42081,14.7,44.2,43.1,45.1,"Sanilac County, Michigan",2.55,53.6,17.8,39.1,NA,3.7,63.8,40,20.2,96.63683534,0.571238159,0.311800828,0.606940544,53.63022113
197.5,444,47376,10.8,50.3,46,54.3,"Daniels County, Montana",1.99,57.2,14.4,44,NA,0,78.8,33.5,11.7,98.17974972,0,0.170648464,0.910125142,48.15242494
156,467.9,62745,7.6,41.8,40.3,43,"Plymouth County, Iowa",2.45,60,17.7,29,NA,7.5,78.8,30.3,14.1,96.80923832,0.506981049,0.342011025,0.95360721,58.16908454
206.3,433.7,41610,16.8,40.5,40.4,40.8,"Daviess County, Missouri",2.65,58.1,42.1,28.5,NA,1.1,58.8,34.7,15.7,97.42660384,0.894043736,0.060408361,0.132898393,59.99343617
184.1,484.7,54831,11.8,41,39.9,42,"Shelby County, Indiana",2.54,51.6,20.7,34.3,NA,3.9,69.2,30.2,15.8,94.38806508,1.264598006,0.735807025,2.37393398,50.57290758
187.8,494.2,38947,22.3,38.8,38.3,39.3,"Cherokee County, South Carolina",2.68,47.2,22.7,28.7,NA,7.5,56.4,40.5,24.5,75.64577627,20.13855325,0.554929023,1.607504072,46.51854017
141,482.9,40436,11.8,51.4,53.1,50.9,"Garfield County, Nebraska",2.1,57,4.1,21.1,46.3,28.5,70.2,41.8,16.8,97.98241076,0.620796689,0,0.310398345,49.16943522
205.4,513.7,46226,16.9,36.7,35.3,37.7,"Grant County, Kentucky",2.91,54.9,10.5,48.3,NA,5.1,67.3,34.5,18.4,94.85610053,0.31617349,0.024321038,2.375354682,56.81681682
216.3,529.5,33091,22.1,43.1,41.6,44.4,"Iron County, Missouri",2.46,50.8,16.4,46.4,NA,0.5,52.1,43.6,24.9,95.04940903,2.606084092,0,0.261577214,50.22244192
171.1,453.5494221,39764,16.7,43.8,42.1,46.1,"Wilson County, Kansas",2.37,53.2,20,34.4,NA,9,60.1,40,21.3,94.62531729,0.154508332,0.629069639,0.684251186,49.88060494
142.5,389,27522,32,43,40.7,47.3,"Tensas Parish, Louisiana",0.0248,33.8,40.4,30.7,NA,0,38.7,42.6,23.1,42.75495606,56.46842428,0,0.572246066,31.95822454
199.8,455.5,36375,19.6,43.4,42.3,44.7,"Nicholas County, West Virginia",2.39,57.9,14.7,44.2,NA,1.3,61.6,44.1,23.5,99.32896259,0.034708831,0.208252989,0,55.74302401
189.3,453.5494221,51116,14.6,42.4,42,42.9,"Becker County, Minnesota",2.41,57.6,18.5,38.2,36.8,6.5,66.7,38.4,20,87.75725753,0.5160239,0.464723278,0.37419277,54.03332842
178.3,445.6,42645,15.9,43.2,42.1,44.7,"Columbiana County, Ohio",2.43,51.9,18,40.1,NA,4.9,63.5,39.2,22,95.25602197,2.30499967,0.336833763,0.458546803,50.84943094
181.2,465.9,36939,20.4,42.8,42,44.4,"Randolph County, Alabama",2.49,53.1,27.4,25.5,NA,6,59.6,40.1,22.5,77.20770046,19.95761215,0.167785235,0.490109502,50.03925967
196.5,425.4,36642,17.7,40.9,39.9,43.6,"Sullivan County, Missouri",2.56,52.2,23.9,43.9,NA,5.7,63.1,35,17.9,93.84213759,0.875307125,0.62960688,2.902334152,47.85031847
217.8,530.4,32683,30.1,36.6,35.2,37.8,"St. Landry Parish, Louisiana",2.68,43.1,26.8,50.8,20,2.4,56.3,37.8,24.7,56.36324495,40.86924282,0.392283497,0.480786481,42.65554216
179.9,460,54916,9.6,44.3,43.1,45.3,"Mercer County, Illinois",0.024,60.2,14.3,34.8,NA,5.8,78.7,33.2,14.2,97.42348047,0.47184454,0.31663252,0.769851617,58.58937491
165.8,520.2,50225,14.2,37.7,36.5,41.2,"Brown County, Illinois",2.43,37.9,28.9,15.6,NA,15.9,77.6,29.6,13.8,78.0142878,16.69339554,1.151771395,0.029158769,48.69158879
161.5,507.1,70074,10.7,40.6,38.9,42.2,"Essex County, Massachusetts",2.59,48.6,14.7,32,NA,13.4,71.6,37.2,21.4,79.79692321,3.912684313,3.4547404,10.18211715,48.51378199
215.5,474.6,40975,18.5,36.7,34.7,38.3,"Tate County, Mississippi",2.67,44.8,19.8,30.6,NA,1.7,60.6,36.3,20.6,67.07372866,30.78303713,0.362484603,0.464543375,46.8612555
204.6,516.6,43647,18,41.8,41.2,42.9,"Garrard County, Kentucky",2.55,58.6,19.3,40.7,33.9,6.1,61.6,37.7,21.9,95.90009425,1.272384543,0.123704053,0.583176249,59.47831362
189,437.7,38887,23.2,44.5,40.6,47.4,"Chowan County, North Carolina",2.41,48.4,15.5,22.6,NA,12.6,56,44.5,26.3,63.05267467,34.15665939,0.211517467,0.784661572,46.13708731
133.5,330.9,49876,17.6,37.6,36.9,38.5,"Pinal County, Arizona",2.87,49.9,28.3,36.3,NA,2.2,61.6,39.5,22.8,79.37255626,4.606282647,1.718440524,5.529386411,54.21202361
142.2,404.1,60577,9.1,34.7,33.9,35.7,"Ottawa County, Michigan",2.74,56.6,8.8,24.3,57.3,9.6,80.2,25.6,11.9,90.07563997,1.635082889,2.798239705,2.913566868,61.39920858
159.3,373.2,36055,25.9,500.4,41.4,42.1,"Marion County, Georgia",2.83,44.1,29.4,41.2,NA,6.8,56.5,36.4,17.3,58.77102643,31.53678911,0.125872525,5.675706603,43.53518822
209.9,484.6,40556,17.3,43.1,41.8,44.6,"Perry County, Arkansas",2.62,54.3,14.1,30.7,NA,2.3,60.2,43.3,25.5,93.67961165,2.077669903,0.087378641,1.650485437,57.4213673
163.4,463.3,58234,7.5,508.8,41.6,43.2,"Iowa County, Iowa",2.34,61.5,15.9,47.8,NA,4.3,81,31.1,11.9,97.95643661,0.838228096,0.189672051,0.140724425,59.62751137
191.7,401.5,38219,17.9,44.6,43.4,47,"Carroll County, Mississippi",2.75,53.1,35.1,31.8,NA,5,53.6,45.3,28.4,64.828787,33.56548655,0.241826272,0,58.25663238
182.8,423.4,41207,16.2,48.6,48,49.6,"Hamilton County, Texas",2.52,56.1,28.3,54.2,13.6,3.9,61.7,42.1,18.9,96.9634648,1.016210985,0.241954996,0.568594241,56.75931775
201.4,473.3,42044,19.4,36.2,35,37.2,"White County, Arkansas",2.55,53.8,11.8,24.3,NA,6.3,61.2,37,20.9,91.11873888,4.590643275,0.559369438,1.254767353,54.51299143
167.3,421.4,50993,13.5,45.7,43.8,46.7,"Clay County, Texas",2.51,59.7,20.9,33.2,NA,5.3,65.3,35.1,16.3,94.81820784,0.715717149,0.391258708,1.20240481,57.76652195
162.2,372,39625,17.4,45,42.2,48,"Las Animas County, Colorado",2.36,52.2,12.6,31.2,NA,0.2,56.6,43,24.7,82.67255051,1.834103289,0.68261739,8.2534648,50.56642636
129.8,430.9,62438,7.6,38.6,37,40,"Bremer County, Iowa",2.45,57.4,8.2,16.1,NA,5,86,26.3,9.2,96.73173316,1.09621419,0.762052243,0.244508741,60.12813668
150.9,468,41209,19.3,45.3,44.2,46.5,"Calhoun County, South Carolina",2.45,53.3,19.4,35.3,NA,4.5,60.8,38.2,18.9,54.20510763,42.40540179,0,2.219548068,47.81021898
174.1,456.2,49513,10.8,46.1,44.8,48.1,"Sac County, Iowa",2.25,59.3,16.2,27.3,45.5,11,77.6,33.3,13.3,97.9011979,0.702900703,0,0.316800317,54.53926464
183.3,544.1,50134,15.2,40.4,38.4,42.3,"Erie County, New York",2.33,44.3,10.5,26.9,NA,14.9,71.9,36.6,19.7,78.6541433,13.30947586,3.150879356,2.151621556,41.89674177
200.4,491.8,58900,9.7,43.6,42.3,44.8,"Gloucester County, Virginia",2.57,57.9,15.5,40.4,NA,7.4,76.4,26.8,9.7,87.72465609,8.267344126,0.508094376,0.224318262,58.1022409
212.7,420.9,39078,20,40.4,39.4,42.1,"Walker County, Georgia",2.59,51.3,20.3,35.3,41.1,3.3,59.8,35.8,20.5,92.37607088,4.583729955,0.376363769,0.609211393,51.45011601
187.7,364.9,46874,13.1,42.5,42.1,42.7,"Ste. Genevieve County, Missouri",2.48,57.7,15.7,35.3,NA,5,76,32.6,13.7,96.62034464,0.72262368,0.038910506,0.011117287,56.91467003
168.1,490.2,42768,18.1,40.3,39.1,41.6,"Polk County, Florida",2.77,48.3,21.9,35.1,NA,4.5,55.7,40.2,24.1,78.76957152,15.07748821,1.672155947,1.825345154,50.30287152
255.9,535.4,31397,24.5,38.6,37.8,39.5,"Scott County, Tennessee",2.61,50.2,12.6,56,NA,3.2,48.7,45.7,30.3,98.26248696,0.222292791,0.113414689,0.049902463,49.54868215
193.3,472.9,52082,15.6,38.5,37,39.3,"Walton County, Georgia",2.88,57.1,14.7,42,39.6,3.7,68.9,30,15.6,79.61972599,15.98473336,1.252885697,0.620642452,60.72740756
171.3,474.6,46895,13.8,46.4,45.1,47.6,"Lake County, Florida",2.57,54.9,21.4,33.3,NA,6.3,62.7,41.4,20.3,83.35592685,9.76168933,1.777106591,2.179926005,55.18108863
163,505,64150,8.9,51.3,49.5,53,"Barnstable County, Massachusetts",2.24,53.2,11.5,37.2,NA,10.9,74.2,44.1,18.9,92.77259901,2.59352039,1.402456627,1.023905087,49.56310834
163.6,519.6,92097,5.5,39.6,39.2,39.9,"Oldham County, Kentucky",2.98,57.5,17.4,32.6,42.1,7.9,85.1,20,8.5,90.34852547,4.2229167,1.365864492,1.521328743,68.27869684
164.9,408.9,31176,32.5,38.4,35.6,40.3,"Crisp County, Georgia",2.64,45.3,27.6,29.4,NA,1.6,46.7,44.5,29.3,53.8903663,43.16290641,1.162391696,0.403191216,45.87134773
178.4,476.7,63030,10,39.2,38.2,40.3,"Porter County, Indiana",2.62,52.9,13,33.8,NA,11.3,77.3,24.7,11.4,92.00216125,3.422585099,1.442636729,1.122050789,54.86369419
211.7,447.9,45168,14.6,42.3,39.9,43.9,"Fountain County, Indiana",2.4,55.3,23.2,33.2,37.9,5.7,73.7,31.9,13,97.76764567,0.444102321,0.112505921,0.307910943,53.57502518
180.1,405.3,34288,28.8,37.9,36.1,39.9,"Ware County, Georgia",2.39,48.2,37.6,27.3,NA,5,50.2,42.8,25.3,65.82313915,29.61957282,1.077737032,2.180667917,45.65139199
220.4,391.5,38473,24.7,37.6,36.7,39.4,"Liberty County, Florida",2.77,41.8,27.1,30.9,NA,5.6,53.4,35.2,20.3,77.97468354,16.52802893,0.807715491,2.688366486,47.55445952
194.6,397.1,31623,28.9,44.3,40.2,46,"Warren County, Georgia",2.58,39.3,19.5,40.9,NA,6.8,52.9,42.1,25.8,37.56518612,58.82035605,1.276748786,0.557453695,37.69411765
205.4,443.1,36205,21.5,36.9,35.1,39.4,"Weakley County, Tennessee",2.32,49,3.9,21.6,NA,5.1,69.2,35,17.8,88.39750109,9.103588552,0.145285486,0.636350429,49.54671736
180.5,477,40994,15.3,38.8,38.1,39.3,"Habersham County, Georgia",2.74,53.7,20,36.2,38,5.8,60.3,33.8,18.2,87.82364969,3.848186183,2.196337905,4.293886553,57.34660926
200,452.5,35313,24.5,40,38.5,42.1,"Haskell County, Oklahoma",2.6,54.6,29,40.9,NA,0.2,46,45.5,25,74.76264591,0.848249027,0.412451362,0.186770428,51.62145625
202.4,405.4,39184,20.9,37.6,35.8,39.2,"Prowers County, Colorado",2.44,54.6,15.6,13.1,NA,5.9,57.1,38.6,25.4,95.1777687,0.662035145,0.441356763,1.536575398,51.35914333
192.8,354.7,46475,13.9,40.6,39.8,41.3,"Douglas County, Wisconsin",2.28,47.6,10.9,26.9,54.7,7.5,66.5,37.9,20.6,92.94732756,1.102764903,1.137012261,0.264846229,44.24412034
155.4,373.8,39126,18.7,32.8,28.8,38,"Houghton County, Michigan",2.51,44.3,5.8,21.6,NA,10.3,71.6,33.2,16.7,93.61702128,0.741953082,2.921440262,0.234588107,46.68361787
173.1,417.9,50388,15.8,32.2,32,32.4,"Grant County, Washington",3,52.3,28.7,33.4,NA,2.1,49.9,41.2,29.2,71.19474313,0.717932008,1.026392962,22.46442924,54.65445682
165.2,453.7,42903,14.3,38,36.4,39.7,"Cascade County, Montana",2.35,52,13.8,36.8,NA,5.8,66.9,34.9,17,88.65148008,1.242538677,0.922158606,0.744305031,47.60833531
127,374.8,25807,36.3,39.2,35,44,"Randolph County, Georgia",2.54,40.7,36.4,34.4,25.9,3.3,41.8,47.8,30.8,34.76418319,61.88653452,2.077922078,0.15037594,39.83536149
189.1,441.8,42967,15.5,40.1,39.3,40.8,"Stephens County, Oklahoma",0.0248,55.2,23,34.7,NA,4.7,62.5,37.1,19.4,84.04454761,2.073383029,0.517787796,3.106726778,52.61361092
167.6,417,42753,15.4,48.2,47,49.9,"Wood County, Texas",2.57,55.4,15.7,40,NA,3.8,61.7,40.8,17.3,90.25800712,4.785540363,0.589998127,2.580071174,57.30826693
169.2,419.2,47387,15.7,50,48.7,51,"Brunswick County, North Carolina",2.34,57.4,16.8,43.4,NA,6.6,62.7,44.1,20.2,83.43598502,10.80344358,0.63920087,2.236771734,55.00782632
174.2,535.4,51978,11.7,48.2,48.6,46.9,"Gilliam County, Oregon",2.24,59,28.8,40.4,NA,3.8,63.5,35.3,14.1,97.76951673,0.955921402,0,0.159320234,52.70108043
181.1,500,44222,15.8,42.9,40.9,44.6,"Luzerne County, Pennsylvania",2.39,45.5,12.9,31.3,NA,9.9,70.8,37.1,18.1,89.85894812,3.93883066,1.075305769,3.110014215,44.48372859
124.6,254.7,81209,8.6,32.2,32.4,32.1,"McKenzie County, North Dakota",2.93,51.1,17.6,31,NA,8.9,70.1,19.3,9.2,78.31513261,0.800832033,0.364014561,0.405616225,53.57809583
189.9,494.3,42946,22,34.2,33.1,35.2,"Milwaukee County, Wisconsin",2.44,38.1,15.5,27.8,NA,10.4,60.2,38.5,25.9,61.84453192,26.39990627,3.772102613,4.196188251,35.13170821
166,423.2,52260,11.7,41.4,40.5,42.1,"Lafayette County, Wisconsin",2.51,57.4,21,33.3,43,2.8,71.8,31,14.9,96.81021681,0.386100386,0.207900208,1.585981586,56.4098706
183.8,492.9,51947,12.3,39.2,37.7,40.6,"Pottawattamie County, Iowa",2.48,50.6,13.2,33.3,NA,8.4,70.5,33.7,17.2,94.44819929,1.287374079,0.615793934,1.244461609,48.75555434
176.6,443.1,52367,9.9,42.3,40.6,44.1,"Carroll County, Iowa",0.0236,57.1,15.1,33.6,NA,7.6,80.6,31.5,12.6,97.07208299,1.522129042,0.077560715,0.334480586,52.96595297
185.4,414.5,52288,12.1,42.4,41.3,43.3,"Dinwiddie County, Virginia",2.74,45.1,5.2,48.5,NA,4.9,71.1,31.2,15.2,64.47883316,32.96335824,0.448239061,0.761294913,49.82392595
166.9,293.5,33017,27.7,41.5,39.5,44.2,"Madison County, Florida",2.52,43.3,33.2,28.6,NA,0.4,51.6,45.2,24.6,58.04367558,38.71002189,0.240269101,1.083880613,46.93075295
181.5,423.2,84686,8.6,36.3,35.9,36.8,"St. Mary's County, Maryland",2.79,53.9,12.5,28.6,49.4,9.5,80.2,25.2,12.3,79.12401701,14.25365373,2.681226851,0.582954732,57.53732709
184,445.6,35550,17.7,42.8,42.8,42.9,"Tishomingo County, Mississippi",2.52,56,17.9,39.4,NA,3,57,40.8,22.7,94.53400891,2.599928348,0.163775014,1.427913404,54.88761108
195.7,475.3,41423,17.3,35.3,33.7,36.9,"Pontotoc County, Oklahoma",2.52,47.4,14.4,30.1,49.6,5.9,58,35,20.2,71.0760741,2.351859151,0.906582578,0.525555118,45.82276746
172.6,406.2,50078,12.8,41.7,40.5,42.9,"Steuben County, Indiana",2.44,54.4,12.1,36.3,NA,5.7,70.2,30.5,15.9,97.30936469,0.253888581,0.428984154,0.178013833,54.37152392
169.3,453.6,60809,12.5,37.6,36.9,38.4,"Coweta County, Georgia",2.73,57.8,15.2,37.6,39.5,7.8,73.5,25.4,13.1,77.26584518,17.8929064,1.70369371,0.943664928,58.15650819
146.6,401.4,53929,17.1,35.6,34.5,36.8,"Maricopa County, Arizona",2.75,47.1,16.7,30.5,NA,8.3,63.1,31.4,19.8,79.58076654,5.221043651,3.78901398,6.188306389,47.03650145
205.9,515.4,45226,19.4,35.8,34.7,37.1,"Iberia Parish, Louisiana",0.0277,46,23.5,41.4,NA,3.3,58,37.5,23,62.28867429,31.42633017,2.687386729,0.742513998,46.37692162
229.9,515.3,30682,28.1,45.2,43.7,46.9,"Monroe County, Arkansas",2.27,42.7,26.4,37.1,34.4,2.1,42.4,56,33.5,55.91857902,40.68455854,0.5445352,1.166861144,37.93103448
153.5,425.9,52011,14,32.9,32.1,33.8,"Lancaster County, Nebraska",2.42,47.4,6.3,17.2,NA,13.4,76.9,24.1,11.7,87.33964037,4.000268384,4.01335212,1.225845411,46.00270254
152.7,342,37933,22.1,34.1,32.6,36.2,"Uvalde County, Texas",3.13,45.8,12.4,37.2,NA,4.8,49.4,37.2,23.9,92.37533393,0.337637281,0.990650045,3.832739685,49.3301719
132.8,359.3,56800,10,34.6,33.2,35.8,"Uinta County, Wyoming",2.76,56.5,18.4,38.6,NA,0.4,71,24.4,13,94.23315815,0.195891065,0.119445772,1.538461538,57.45134631
162.4,420.8,59316,12.9,33,32.6,33.5,"Adams County, Colorado",2.98,49.7,22,33.5,NA,6.8,60.7,29.8,20.1,82.81982827,3.239347547,3.805554259,5.44751128,50.69974717
189,477.6,40120,16.1,45.7,45.2,46,"Oxford County, Maine",2.6,48.1,19,35,NA,7,59,44.4,23.8,96.82694485,0.404033368,0.623465283,0.156737082,49.89663252
169.5,453.4,45964,16.2,40.7,40.2,41.1,"Jefferson County, Indiana",2.37,49.9,18.9,36.6,NA,1.2,68.1,33.9,15.3,94.90339876,1.938187533,0.83505377,0.961390318,49.27524815
182.2,434.4,36339,20.7,44.6,41.9,45.9,"Charlotte County, Virginia",2.57,44.5,5.4,55.8,NA,3.3,56.2,39.2,22.7,67.00235523,31.47892471,0.146186957,0.268009421,46.15710354
175.4,429.9,45567,17.5,40.7,39.6,41.9,"Blount County, Alabama",2.74,59,19.4,33.3,NA,3,66.2,35.9,19,95.09790331,1.531796916,0.143822561,0.961705077,59.43985396
184.3,483.9,52776,10.5,45.4,45.4,45.4,"Oconto County, Wisconsin",2.4,59.9,15,44.5,34.4,6.2,73.1,32.8,17.3,96.33098516,0.245490447,0.442950155,0.6991141,58.53674286
132.6,453.5494221,55291,8.4,54.7,54,55.6,"Storey County, Nevada",2.2,53.5,16.9,43.5,NA,13.7,68.5,34.1,13.2,94.24790023,0.432680071,1.450750827,0.203614151,52.23542728
139.2,397.2,40328,19.3,579.6,48.2,48.5,"Lake County, Oregon",2.08,52.6,7.7,54,NA,4.5,54.7,48.3,25.6,90.28309105,0.612088753,0.816118337,2.384595766,47.56097561
190,442.3,31577,28.5,36.1,35.1,38.5,"Clinch County, Georgia",2.49,41.9,27.8,28.4,NA,10.5,46.2,42.5,27.1,67.19187159,26.63819761,0.427035783,2.812546017,39.05462999
180.4,525.9,52892,16.1,38.8,37.1,40.4,"Onondaga County, New York",2.43,44.6,10.9,22,NA,13.4,73.1,34.4,17.7,80.38026581,11.063967,3.556450511,1.059354607,43.36469148
154.5,495.8,26504,33.2,42.4,41.2,45.1,"Greene County, Alabama",2.7,30.9,22.3,29.9,NA,1.6,44.7,54.1,32.2,17.7877429,80.6599977,0.160975049,0,31.3027179
116,307.3,27882,28.5,49,47.6,52.2,"Costilla County, Colorado",2.46,48.2,22.8,34.4,42.7,0,41,57.5,31.2,92.96285954,0,0.781904496,2.094387043,44.81811942
236.7,517.5,49790,14,43.2,42.1,44.6,"Hamilton County, Illinois",2.36,61.1,20.9,27.4,NA,5.1,67.6,38.6,18.7,99.31506849,0.504686373,0,0,58.13417794
199,400.5,58024,11.2,42.6,41.8,43.3,"Currituck County, North Carolina",2.62,60.7,19.3,49,NA,3.8,71.4,25.1,10.4,90.27845827,6.197942185,0.449126245,0.440960314,60.02150538
224.7,525,42640,18.2,42.6,42.3,42.9,"Caldwell County, Kentucky",2.39,55.2,7.7,60.2,NA,5.8,60.5,42.1,24.2,92.65554343,5.824107282,0.046779978,0,50.10391083
137.9,416.6,51569,13.9,33.2,32.6,33.9,"Gallatin County, Montana",2.39,49.5,5.2,21.1,NA,9.7,77.5,19,9.9,94.85328829,0.398644608,1.245239869,0.479422595,49.2531077
170.8,477.4,56718,13.7,43.1,42.1,44.3,"Ulster County, New York",2.44,46.9,10.6,30.1,NA,10.5,70,34.7,17.8,86.63872035,5.863761721,1.879757308,1.701047987,46.72683306
150.3,457.3,39743,15.8,52.2,52,52.5,"Wallowa County, Oregon",2.18,57.3,16.7,39,40.6,3.8,64.4,48,21.3,95.59574158,0.30625638,0.233338195,0.350007292,49.3835172
184.9,459.8,50055,15.3,37.4,36.4,38.6,"Johnston County, North Carolina",2.85,53.5,20.9,34.1,NA,6.7,64.1,30.6,18.5,78.44850781,15.02612166,0.681069082,2.990537904,55.35270379
159.3,432.5,50172,15.4,33.8,32.3,36.2,"Adams County, Indiana",2.8,58.4,33.9,35.2,NA,5.7,61.8,26.4,12.8,97.53767104,0.698573985,0.31464696,0.868887478,58.46671592
177.3,453.5494221,65342,7.8,39.5,37.8,40.4,"Isanti County, Minnesota",2.68,53.6,13.1,42.5,NA,3.5,75,31.1,16.4,95.76457071,0.582306246,0.74420305,0.415186965,55.03236361
202.1,421.8,37360,17.4,40.8,40.2,41.3,"Miller County, Missouri",2.61,54.5,23.6,35.4,NA,4.6,59.8,38.5,22.6,96.17326495,0.440775765,0.340599455,0.79740343,52.40160813
151.5,454.7,32750,22,53.5,52.4,54.9,"Huerfano County, Colorado",2.08,48.1,23.5,34,NA,0,54.3,49,22,86.2503845,0.676714857,0.184558597,3.614272532,42.32804233
185.1,495.6,48544,12.9,42.6,41.3,44,"Macoupin County, Illinois",2.42,54.6,14.9,30.1,48.2,6.9,70.7,38,18.7,97.18000171,0.685253181,0.429083767,0.121680471,53.28205669
205.5,392.5,37691,18.2,41.7,38.5,43.1,"Little River County, Arkansas",2.39,49.1,9.5,37.5,42.3,10.6,58.8,42,22.6,73.76572327,20.6918239,0,2.625786164,45.9150638
181.6,432.6,43488,19.7,32.9,31.6,34.3,"McLennan County, Texas",2.68,46.6,12,24.9,NA,8.8,62.4,31.2,17.9,77.54663465,14.39970187,1.560216145,3.837187636,47.32220033
167.4,455.2,70358,6.4,37.4,36.3,38.5,"Hendricks County, Indiana",2.76,57.9,19.5,34.8,NA,9,82.3,19.8,8.4,89.29579301,5.765959527,2.396454525,0.847264314,60.63639025
172.2,358.9,45174,14.4,46.4,45,47.5,"Dickinson County, Michigan",2.31,54,28.3,33,NA,4.2,71.2,39.8,17.4,96.60156851,0.488236199,0.618945102,0.084576349,50.68270187
249.7,517.1,43374,19.4,36.5,35.2,37.6,"Lee County, Mississippi",2.6,48.8,19.5,28.9,NA,6.3,61.8,36.2,21.8,68.92845383,27.96697869,0.677360177,0.839644386,47.92176039
153.3,447.6,38530,21.1,41.1,39.7,42.3,"Montgomery County, North Carolina",2.52,48.8,17.9,45,NA,3.1,51.5,40.7,25.2,77.21459367,18.48121445,1.565160683,1.336908083,47.12882509
145.5,429.2,66315,12.5,36.1,35.3,37,"Washington County, Oregon",2.66,53,14.1,31.7,NA,12,73.3,24.6,13.9,77.57321875,1.808849176,9.28408335,5.691015983,53.19678723
189.8,466.8,52050,10.6,38.7,37.3,39.8,"Clark County, Indiana",2.59,48.1,19.8,33.8,41.2,5.2,70.9,28.8,13.9,88.27188309,7.006476352,0.880006361,1.145952059,48.15004421
177.9,511.3,54585,13.3,45.2,44,46.4,"Warren County, New York",2.4,48.4,12.5,33.8,NA,7.1,72.6,36.5,16.8,96.17367291,1.213562442,0.918993556,0.273089905,47.70792892
211.7,483.4,41015,22.2,37.8,36.4,39,"Muskogee County, Oklahoma",2.53,48.9,20,40.8,NA,2.4,52.4,39.3,23.2,60.69434951,11.08452951,0.694919116,1.720209615,46.70006452
166.8,448.3,62875,8.3,36.5,34.3,38.8,"Burke County, North Dakota",2.25,60.5,23,30.5,NA,5.9,79.6,22.4,6.2,97.87137681,0.045289855,0.226449275,0.452898551,50.30612245
223.2,415.8,33324,24.5,536.4,42.8,45.2,"Hall County, Texas",2.71,49.1,27.4,41.8,NA,0,42.6,42.7,26.9,81.67343116,7.461754605,0.312207306,6.244146113,51.51515152
225.1,538.4,52377,12.6,36.7,36.9,36.5,"Meade County, Kentucky",2.73,57.1,20.1,47.6,NA,3.2,67.9,35.6,17.3,92.13347996,3.883428414,0.814488968,0.350539556,59.26801589
167.5,452.2,42840,18.8,42.2,40.6,44,"Mendocino County, California",2.51,45.1,17,35.1,NA,3.3,49.3,49.2,31.5,82.82920589,0.668235402,1.938453806,5.441834963,43.24014463
162.5,462.5,50435,16.7,29.4,28.5,30.7,"Grand Forks County, North Dakota",2.25,45.7,3,19.2,NA,10.5,81.1,22.5,10,88.99665115,2.487713652,2.349990577,0.775598371,43.85891098
182.5,483.8,58697,8.9,43.2,41.6,44.7,"Lake County, Ohio",2.39,52.2,13.9,29,NA,11.5,77,28.7,13.6,92.55220387,3.702105589,1.268322023,0.535659026,50.14290988
190.9,475.2,49895,12.2,42.7,41.7,43.7,"Whiteside County, Illinois",2.4,52.7,16.9,36.4,NA,7.9,67.4,40.3,21.7,92.41373316,1.787049109,0.596262495,2.644067797,50.23356548
133.3,509.4,59300,12.2,42.6,40.1,43.8,"Cameron Parish, Louisiana",2.57,64.9,34,33.8,NA,9.7,75.2,30.3,13.5,94.52728899,3.086787951,0.32806442,1.908738443,65.56748466
138.7,433,46018,16.9,40.4,40.3,40.5,"Banks County, Georgia",2.8,57.1,15.2,46.9,36.3,1.6,61.1,33.4,18.2,93.41732112,2.683246073,1.27617801,0.687172775,58.96535938
151.8,492.9,61215,6.7,42.2,40.5,44,"Grundy County, Iowa",2.37,62.7,9,24.5,NA,14.7,82.9,30.3,10.8,98.29934714,0.411058274,0.378818409,0.10477956,58.69187729
181.4,474.4,76856,6.9,39.3,38.2,40.2,"McHenry County, Illinois",2.79,58.2,14.4,33.2,NA,10.5,78.8,22.8,12.5,91.46334718,1.345991795,2.633745124,2.641228279,61.79868665
162.6,393.3,40454,23.2,37.3,35.8,38.9,"Bleckley County, Georgia",2.71,41.1,5.4,37.1,56,1.6,64.4,37.7,19.3,69.97489408,26.21999059,0.635493488,1.663266907,49.89059081
190,521,45709,13.6,42.8,42.1,44.4,"Clay County, Illinois",2.39,56.5,17.7,37.1,33.7,11.5,62.2,46.2,24.8,97.74701811,0.544838757,0.16197909,0,54.57013575
155.3,407.3,46667,12.5,45.5,42.9,47.5,"Holt County, Nebraska",2.25,63.9,14.8,27.2,NA,19.7,77.3,30.4,11.5,97.41296403,0.086555107,0.384689363,0.605885747,57.8539823
195.4,329.9,38281,16.3,39.1,35.9,40.8,"Scotland County, Missouri",2.58,53.5,56.7,20.8,NA,4.2,48.3,36.8,19.8,98.80976811,0.902934537,0,0,51.43165856
142.3,433,62116,17.4,33.6,32.4,35,"Santa Barbara County, California",2.92,44.9,11.1,19.2,NA,9.5,63.2,31.9,19.2,74.28381324,2.002294367,5.163014799,13.26786739,48.7159544
151.8,424.7,41641,26.4,25.2,24.6,25.8,"Brazos County, Texas",2.58,37.4,5.3,12.5,70.3,12,72.6,19.8,11.2,73.92520132,10.75212768,5.738755109,6.531853014,39.40534539
182.1,465.9,52331,14.7,41,39.5,42.4,"Lorain County, Ohio",2.5,49.3,17.3,28,NA,6.5,71.6,34.2,18.5,85.31033937,8.366100174,0.960244366,1.427006914,49.08438337
188.8,517.2,42088,18,39.7,39.2,40.3,"Marion County, Missouri",0.0243,47.7,13.8,32.2,45.2,8.9,63.2,34.2,18.1,91.02981969,5.624133148,0.849514563,0.117891817,46.553108
205.2,436.7,45574,15.9,30.7,29.9,31.4,"Custer County, Oklahoma",2.63,50,8.2,22.2,NA,9.3,67.4,25.4,13.4,82.73862931,3.126509766,1.41486645,2.091241632,50.28946353
180.4,587.4,53277,14.2,49.8,47.5,51.3,"Sherman County, Oregon",2.22,53.6,18.8,49.4,NA,6.3,59.9,40.7,18.6,91.86629526,0.557103064,0.222841226,0.222841226,46.76616915
192.7,437.9,36536,22,38.8,37.4,40.2,"Marshall County, Alabama",2.72,52.7,20.4,34,NA,6.5,59.4,36.4,20.9,92.01318942,1.920100087,0.485591298,3.075764965,53.77251102
189.7,411.7,66505,8.9,34.4,35.2,34,"Hemphill County, Texas",2.77,68,24.3,20.1,NA,18.5,64.3,23,9.4,87.02308627,1.044957473,0.315917375,8.675577157,65.89358799
261,561.4,29090,26.8,39.8,39.2,40.5,"Jackson County, Kentucky",2.39,59.2,23,32.5,NA,3.5,44.8,47.5,32.9,99.69304485,0.044920267,0,0,55.49945907
143.4,462.5,53755,11.3,31.9,31.4,32.5,"Cass County, North Dakota",2.29,46.8,7,20.7,NA,14.7,81.5,21.1,8.8,90.12553846,3.179076923,2.684923077,0.440615385,42.7300221
196.6,444.9,37704,20.8,49.2,48.3,50,"Mohave County, Arizona",2.43,49.5,25.7,40.3,NA,2.8,50.5,52.9,29.2,89.04564275,1.127054219,1.227859679,2.935159961,48.43873713
190.4,493.4,32101,21.6,47.2,46.5,47.9,"Sharp County, Arkansas",2.37,53.9,25.6,24.6,NA,1.3,47.4,54,31.5,95.69041337,0.404573439,0.603928467,0.134857813,49.83117614
142,489,85336,9,39.7,38.1,41.1,"Fairfield County, Connecticut",2.76,50.8,14.8,27.7,NA,17.4,71.9,27.3,15.7,73.91591125,11.24307567,5.042431618,6.946614992,53.23821488
185.3,496.5,45596,13.1,44.9,43.7,46.1,"Marshall County, Kentucky",2.43,59,23.5,37.1,31.3,8.1,68.2,39.7,20.7,98.1206504,0.426541804,0.275808986,0.035277894,57.14965878
150.8,453.5494221,47901,11.1,45,43.3,46.3,"Marshall County, Kansas",2.27,61.4,16.9,28.9,47.3,6.9,77.7,32.6,12.2,97.08145927,0.289855072,0.289855072,0.389805097,55.71494678
170.3,417.8,50106,13.9,38.8,37.5,40.2,"Wayne County, Ohio",2.6,56.1,17.7,32.3,NA,5.2,69.3,29.6,15.2,95.35758553,1.68499883,0.810428964,0.393513101,57.62759264
150.1,373.7,91886,7.2,34,33.3,34.7,"Prince William County, Virginia",3.17,55,13.1,33.9,NA,10,78,17.1,8.6,61.4488498,20.4657981,7.773897652,4.59188924,60.21316724
177.7,429.9,53211,8,41.2,40,42.3,"Dubois County, Indiana",2.55,58.4,14.8,32.7,NA,11.6,78.8,24.8,12.4,95.33943392,0.387789364,0.645527417,2.91314937,59.08585547
154.8,417.1,47441,12.4,44.5,42.8,45.6,"Garrett County, Maryland",2.47,56.5,15.8,31.8,NA,7.8,62.5,41.4,23.2,97.29312716,0.603763459,0.412571697,0.09391876,57.15249094
197.3,460.8,39017,16.5,42.4,40.9,43.4,"Carroll County, Missouri",2.48,53.6,16.9,32.3,NA,6.7,68.8,36.5,16.8,95.56948109,1.220316623,0.087950748,0.593667546,52.73178808
212.3,470,32327,32.9,40.7,38.2,44.1,"Adams County, Mississippi",2.5,37.8,16.7,44.7,36.3,2.3,46.8,46.4,29.2,40.20138216,55.52706464,0.23452891,3.117670972,35.79382487
197.9,551.5,47575,16.3,40.6,39.2,41.8,"Macon County, Illinois",2.35,47.8,11.9,33.9,NA,6.1,66.8,39.4,22.2,78.62225601,14.73354519,1.205205462,0.55589644,44.24802405
160,457.2,49790,12.6,35.4,34.5,36.3,"La Crosse County, Wisconsin",2.41,47.2,5.3,26.7,NA,8.4,76.9,28.6,13.7,91.48469004,1.389173672,4.463980589,0.651014968,47.7074118
198.1,465.2,62024,8.9,46,45,47.1,"Putnam County, Illinois",2.37,59.3,7.2,36,NA,5.1,75.2,36.5,14.9,97.45791824,0.206114737,0.257643422,0.412229474,56.42070934
182.2,426.5,48707,12.9,47.5,47.1,47.8,"Surry County, Virginia",2.56,53.2,25.8,44,NA,14,65.2,31.4,17.1,52.39630661,45.06815184,0.820753334,0.747471787,53.5982009
159.3,471.7,40667,15.1,53.3,51.2,54.5,"Union County, Georgia",2.54,57.9,27.8,34,NA,0.7,59.5,47,23.2,96.16110472,0.464902186,0.754890679,1.035673188,57.97535001
176.6,519,53918,11.9,41.3,40.2,42.7,"Livingston County, Illinois",2.32,49.9,24.5,42.9,NA,3.7,71.8,37.6,18.9,92.48321792,5.420679774,0.286555759,0.854360689,50.54618363
185.7,562.7,29067,27.8,44.8,44.4,45,"Cumberland County, Kentucky",2.45,51.3,35.6,45.3,NA,5.6,49.7,45.9,26.1,94.84354341,2.967533421,0.264433671,0,49.69012031
113.2,348.1,47902,14.4,53.7,54,53.6,"Granite County, Montana",2.19,62.8,35.3,27.5,NA,1.3,66.5,40.3,15.9,98.5479798,0.063131313,0,0,58.4799437
170,468.6,48767,11.6,46.2,44.3,47.6,"Hancock County, Illinois",2.35,58.8,15.4,37,NA,8.5,67.9,41.3,22.5,97.72654499,0.565695378,0.357562173,0.064040986,55.86364793
171.3,492.7,35570,19.6,48.8,49,48.6,"Essex County, Vermont",2.29,53.9,18.6,38.7,NA,9.4,55.3,51.6,29.2,96.66505558,0.612212019,0.386660222,0.225551796,49.83339504
158.7,364.5,51244,10.7,52.8,51.2,53.6,"Custer County, South Dakota",2.12,63.6,34,28.3,NA,8.2,72.2,37.9,14,93.41196092,0.274005242,0.34548487,0.452704313,59.13806864
179.2,436.4,41409,19,44.3,41.5,45.4,"Cumberland County, Virginia",2.45,45.8,7.8,42.1,NA,9,57.4,40.2,21.5,63.01856172,33.14737803,0,0,44.61615155
135,420,97219,8.5,36.8,35.9,37.8,"Santa Clara County, California",2.95,53.2,10.6,25.8,NA,16.8,74.1,24.8,14.2,48.30471231,2.585982167,33.76090451,9.834279814,56.30311056
159.2,338,48497,13,48.3,47.1,49.2,"Rockbridge County, Virginia",2.39,55,16,46.7,32.4,5,69.3,35,15.6,93.75334165,2.86936375,0.699518802,0.770807343,53.65382552
198.5,457.8,45413,14.4,39.6,37.6,42.5,"Clarke County, Iowa",2.43,53.8,13,60,NA,1.5,67.2,37.3,18.2,96.01293103,0.140086207,0.452586207,2.661637931,51.06837607
171.8,457.6,41765,23.4,31.5,30.3,32.5,"Pitt County, North Carolina",2.48,39.6,7.3,17.2,NA,10.8,66.2,28.9,17.5,58.67961657,34.14711332,1.701975857,2.905096721,39.1929128
193.6,480.5,42567,23.4,30,28.4,32.4,"Norfolk city, Virginia",2.53,34.1,6.9,33.5,NA,5.6,63,30.4,18.7,47.828496,42.14591855,3.392109252,2.179652233,34.30754208
188.8,538.8,36449,17.3,619.2,52.3,50.7,"Mineral County, Montana",2.67,46,17,59.8,NA,13,48.3,53.8,27.1,98.44266163,0.070788108,0.165172251,0.141576215,46.76903391
181.7,466.2,52750,11.2,42.2,40.1,44.7,"Jasper County, Iowa",2.41,54,16.3,37.8,38.6,7.3,76.1,34,14.8,96.16620378,1.475793716,0.57452486,0.138866198,54.27720441
176.2,428.6,61961,8.2,41.4,40.6,42.4,"Saunders County, Nebraska",2.56,60.4,10.8,29,42.2,18,80.2,28.5,11.5,97.25051403,0.655094917,0.272557739,0.535552049,59.45375543
212.9,591,32961,25.1,43.3,43.4,43.3,"Clay County, West Virginia",2.62,55.8,19.5,51.1,NA,0,48.7,52,32.5,98.04178974,0,0,0.043758889,58.09248555
180.6,495.6,41921,16.5,41.8,40.6,42.9,"Stanly County, North Carolina",0.0247,51.5,21,33.4,NA,4.5,64.3,36.2,19.7,84.89254943,10.39844188,1.921235929,0.493513353,51.88659315
210.5,596.9,44843,14.6,38.5,37.4,40.6,"Waynesboro city, Virginia",2.32,47.9,19.4,49.6,NA,7.7,61.7,37,20.1,81.1536643,12.74231678,0.964539007,2.245862884,40.80389769
186.9,430.6,39649,18.9,44.2,40.8,45.7,"McCulloch County, Texas",2.59,55.8,11.6,59.4,NA,1.4,58.2,41.8,22.3,88.891575,1.643901849,0,2.308715097,53.16375199
206.8,451.3,35640,25.3,40.8,39,42.2,"Darlington County, South Carolina",2.52,45.1,21.3,33.6,38.9,6.1,55.5,40.9,24.6,56.63260799,40.62306764,0.593327641,0.472600925,43.48336299
181.7,474.4,34403,26.3,40.5,37.8,42.4,"Winston County, Mississippi",2.38,44.6,33.8,33.9,NA,2,54.1,44.1,25,51.35583249,47.70284003,0.187195807,0.278119484,41.42745303
211.8,434,41363,20.7,35.5,32.3,42.9,"Mitchell County, Texas",2.45,45.9,41.7,32.3,NA,1.8,63.6,29.9,13,80.43407133,10.97175264,0.479877849,5.376813175,56.62913186
177.3,475.4,43124,16.7,40.5,39.7,41.6,"Anderson County, South Carolina",2.55,52,20.9,30.1,NA,6.6,63,35.2,19.8,80.07217007,16.38626677,0.856104385,0.74784928,51.34890507
159.9,490.8,49476,14.3,48.6,46.4,51.1,"Tuolumne County, California",2.28,51.8,16.7,28.6,NA,3.5,64,46.2,21.3,88.05636199,1.832504299,1.377614231,3.08437656,50.57606289
187.4,445.3,55319,9.1,46.7,45.6,48.8,"Gosper County, Nebraska",2.46,64.9,10.9,55.5,NA,8,78.6,27.9,10.7,97.01417004,0,0,1.062753036,64.63878327
172.5,390.6,38474,17,46.1,44.5,48.6,"Carroll County, Virginia",2.37,56.5,7.5,41.7,47.1,3.6,62.9,38.8,19.4,97.75254555,0.92778671,0.190916399,0.080385852,53.30729997
210.5,415.7,44811,17,36.4,35.3,38.6,"George County, Mississippi",3.02,51.3,18.3,46.7,NA,2.6,56.2,35.7,22.5,89.27891274,7.929362881,0.683864266,0.895948753,56.87324321
195.2,364.1,32225,27.5,45,43.3,46.4,"Lafayette County, Arkansas",2.52,41.5,15.4,44.4,NA,6.5,49.6,48,26.9,60.88033012,38.19807428,0.247592847,0.041265475,41.97879859
170.6,467.4,53945,13.6,46.5,45.4,47.4,"Loudon County, Tennessee",2.49,61.4,13.8,54.3,NA,5.6,65.1,40.7,21.4,95.71363157,1.262219037,0.774453005,0.6331004,61.11249938
165.1,430.4,58833,10.2,37.3,36.2,38.6,"Johnson County, Indiana",2.69,57,18.8,32.1,NA,10.5,76.4,24.7,12.6,92.80991452,2.165539497,2.013114079,1.23794157,58.17533321
123.9,261.1,40590,29.2,30.6,29.1,31.9,"San Juan County, Utah",3.75,44.4,30.5,36.5,NA,1.6,45.4,35.8,25.1,49.63041183,0.16499472,0.739176346,0.574181626,54.065766
195.5,453.4,38653,18.8,42.8,41.6,43.7,"Caldwell County, North Carolina",2.56,49.5,21.1,38.7,NA,4.8,55.5,40.5,24.6,89.51295286,4.95364368,0.594437242,3.062697228,48.54907179
152.8,412.6,43338,27.5,31.4,30.5,32.3,"Fresno County, California",3.17,44.2,17.4,27.7,NA,4.8,49.4,43.1,30.8,59.623893,5.069145617,9.77257358,20.2889159,46.81324986
172.7,428.4,43842,11.7,41.8,38.8,43.8,"Red Willow County, Nebraska",2.27,59.4,9.3,40.8,NA,0.6,74.9,31,12.4,97.17705098,1.425178147,0.392837566,0.036543029,55.04192647
182.4,415.1,46625,15,34.7,33.8,36.8,"Beckham County, Oklahoma",2.87,45.8,31.1,37.8,NA,1.3,64.4,27,15.8,83.24892704,3.489270386,0.82832618,3.321888412,50.65693431
193,421.9,41802,16.5,42.9,41,44.5,"Lincoln County, Tennessee",2.43,51.9,21.9,39,36,3.1,63.6,40,20.8,89.26378539,5.20119225,0.0804769,0.935916542,49.4429786
180.1,469,38992,19.3,42.1,40.4,44.5,"Knox County, Illinois",2.25,44,11.7,32.6,NA,6,63.2,43.9,24.5,87.02602088,8.499002149,0.82514584,1.897835431,42.65057979
166.5,453.5494221,55070,16.5,34.6,33.5,35.7,"Ramsey County, Minnesota",2.47,44,12.7,25,NA,15.4,68.8,33.6,20.5,69.12483812,11.1467148,13.25095609,1.869888948,41.77378576
161.5,453.5494221,52272,8.9,43.5,42,45.2,"Brown County, Minnesota",2.27,55.4,8.6,28.9,NA,5.3,81.5,30.6,11,97.36914655,0.448977984,0.433224371,0.744358237,52.52364454
189,458.9,58558,14.4,36.4,35.2,37.7,"Butler County, Ohio",2.68,50.5,9.5,33.7,NA,7.8,73.6,27.7,16,86.03229738,7.785514498,2.670868475,1.001508571,52.67666271
148.9,506.7,55758,11.3,43.2,42.5,43.7,"Clay County, Nebraska",0.024,61.2,25.2,28.1,40.6,6.1,69.5,32.5,15.8,96.77217173,0.454403008,0.376057662,0.893136948,57.24111578
161.7,461.2,42745,14.9,47.6,45.9,49,"Knox County, Nebraska",2.24,61.4,14.8,32.1,NA,6.2,70.1,36.2,15.8,87.52921926,0.070126227,0.502571295,0.607760636,54.79009688
133.3,453.5494221,61279,10.2,35.7,35.6,35.7,"Nicollet County, Minnesota",2.39,50.8,3.8,14.8,NA,8,80.7,28,13.1,93.60756816,2.436075682,1.477966512,0.95810917,52.822868
173.1,430.3,45589,19.3,31.2,30.5,32,"Washington County, Arkansas",2.55,49,9.6,25.1,NA,11.9,65.1,27.6,17.1,78.68568419,3.31974939,2.469597841,9.42051083,47.25165806
164.9,509.9,65971,7.4,43.3,42.4,44.3,"Piatt County, Illinois",2.47,62.9,17.4,31.1,NA,9.1,82.3,29.1,11.4,97.40527433,0.412246135,0.078811761,0.139436193,62.10684725
194.1,427.8,51285,11.5,43,42.5,43.6,"Newton County, Indiana",2.56,53,29,29.8,NA,7.4,66.1,33.8,17.4,97.02639254,0.277441844,0.433947499,0.775414384,52.49027958
228,501.8,34022,25.5,38.2,36.9,39.6,"Avoyelles Parish, Louisiana",2.52,44.8,34.2,37.1,NA,1.1,51.6,41.4,24.1,67.02505497,29.80502066,0.56536761,0.275435502,45.53971759
163.3,418.6,44519,15.4,41.9,42.8,40.6,"Fisher County, Texas",2.29,54.4,10.1,45.1,NA,5.8,61.9,35.2,14.1,89.47641265,3.525142561,0.466562986,4.561949196,50.26994601
188.9,448.1,41017,17.7,40.6,40,41.5,"Jasper County, Texas",2.83,50.4,20.5,42.8,NA,1.2,56.3,39,20.2,79.31111608,16.27711921,0.366249161,1.948669202,52.48578392
191.5,501.8,48824,14.7,46.4,44.7,47.9,"Carteret County, North Carolina",2.27,53.4,15.8,32,NA,6.5,65.2,38.7,17,88.87553497,6.424048778,1.229700416,0.990795568,49.27109758
211,535.9,32049,26.9,36,34.5,37.2,"Scott County, Mississippi",2.85,42.7,22.9,32.8,39.5,4.8,48.5,40.5,24.9,59.80277807,37.33078853,0.862404128,0.943696321,41.294393
160.1,383,42286,20.6,41.2,38.5,43.6,"Saluda County, South Carolina",2.78,47.5,25.3,39.4,30.8,4.4,54.7,38.6,22.1,62.335,26.23,0,10.11,49.82292109
164.9,489.8,61898,11.2,39.3,36.9,41.7,"Kitsap County, Washington",2.54,52.5,11.5,39.5,42.1,6.9,75.1,32.9,14,81.78052858,2.594728333,4.821857102,1.843478533,52.85607588
196.6,587,39827,19.1,48.5,49,48.1,"Musselshell County, Montana",2.43,58,15.4,60.1,24.5,0,61.7,39.4,19.6,95.80375783,0.187891441,1.08559499,0,56.74013327
133.8,364,44562,13.9,49.8,49.4,49.9,"Sedgwick County, Colorado",2.44,50.9,27.1,25.4,NA,1.7,60.2,45.7,22.7,91.71247357,1.226215645,1.226215645,1.691331924,49.00105152
196.7,383.2,39484,17.9,47.2,46.2,47.8,"Lincoln County, Georgia",2.23,46.5,15.2,36.6,NA,6.1,58.6,38,20.8,66.19170984,32.56476684,0.272020725,0.077720207,43.21167883
147.8,425.4,34429,29.9,25,24,26,"Oktibbeha County, Mississippi",2.51,33,3.9,10.3,NA,7.5,70,26.3,14.3,58.32653727,37.11670201,3.001141739,0.491355407,36.08648401
215.1,525.3,42288,16.9,41.8,40.1,43,"McLean County, Kentucky",0.025,60.1,13.6,40.1,NA,5.5,63.9,41.9,22.5,97.77894737,0.442105263,0.273684211,0.031578947,57.86113328
135.4,317.6,86419,9.6,36,35.9,36.2,"Alexandria city, Virginia",2.21,44.1,14.4,23.7,NA,23.9,76.4,17.6,8.6,64.09469913,21.37494558,6.586746141,3.159762917,36.21615156
180.3,383.4,46331,14.8,45.9,42.8,48.4,"King and Queen County, Virginia",2.46,53.7,20.9,41,NA,2,65.7,31.9,16.7,68.81508584,26.54095131,0.182943991,0.197016606,49.61990325
188.2,472.8,36066,20.1,46.6,45.6,47.6,"Aroostook County, Maine",2.24,54.1,12.8,34.5,47.5,5.2,57.1,47.6,24.2,95.286051,0.742804085,0.497107349,0.222841226,50.4167353
213.7,439.1,39539,17.6,50,49.5,50.2,"Schoolcraft County, Michigan",2.38,52.1,16.7,53.8,NA,0.9,60,49.7,24.8,86.92084942,0.49469112,1.472007722,0.180984556,50.62883884
177,491.5,35930,19.7,46,43.5,46.9,"Martin County, North Carolina",0.0254,47.2,13.4,34.4,NA,0.7,55.2,42.9,22.7,53.33558093,43.56272915,0.155927346,1.420203127,46.87668573
210.2,495.5,46614,15.8,40.6,39.2,41.8,"Creek County, Oklahoma",2.67,54.5,21.6,42.5,NA,3.9,60.5,35.3,21.3,79.68513729,2.321900482,0.501688783,0.907279434,54.45351855
181.2,430.1,44780,18,36,35.3,36.6,"Umatilla County, Oregon",2.7,48.9,24.5,34.8,NA,5.6,59.6,38.9,23.7,84.93705856,0.69978368,0.811853319,5.724673565,49.63051429
164.6,353.8,46200,20.2,34.6,32.9,36,"Jim Wells County, Texas",2.97,50.7,35.5,35.3,NA,4.7,53,33,20.1,93.87617279,0.578857239,0.361785775,3.863872073,51.71017427
217,462.6,40251,17.5,40.2,37.4,42.4,"Trousdale County, Tennessee",2.65,49.2,27.6,46.8,NA,7,60.3,35.5,23.6,85.89548453,11.96093354,1.230339929,0,52.050581
201.5,445.7,41608,17.5,41.2,39.8,42,"Lawrence County, Ohio",2.6,50,16.4,41.8,NA,6.1,62.6,42.6,23.4,95.39845052,2.154398564,0.448024326,0.106749478,49.736708
165.3,470.7,60179,10.8,42.8,41.8,43.9,"Adams County, Pennsylvania",2.55,55.7,11.4,35.8,NA,6.3,78.9,28.6,11.4,92.29612743,1.548635609,0.727151238,3.349808877,58.10750661
149,453.5494221,75122,6.2,40.2,38.7,41.4,"Chisago County, Minnesota",2.63,57.2,19.1,37.8,NA,5.6,80.1,27,12.2,95.46011814,1.162833897,0.756027789,0.447672475,60.30391761
220.6,510.8,45933,18.8,23.3,23,24.5,"Chattahoochee County, Georgia",3.24,46.8,8.4,40,NA,9.1,80.6,16.1,7.4,69.92613732,15.79654188,3.147557495,2.853785462,67.25663717
180,498.1,45049,14.4,30.8,29.9,31.5,"Elmore County, Idaho",2.6,59.8,10.5,44.9,NA,1.4,68.7,33.2,15.2,84.85195798,2.418338109,3.163323782,4.909264565,58.5998978
182.4,468.5,38878,22.1,38.9,37.2,40.1,"Greenwood County, South Carolina",2.52,44.6,19.6,26.9,NA,9.2,57.3,39.2,23.2,63.93200613,31.12897909,0.736695762,1.679780998,43.55086301
179.1,435.4,34987,21.7,43,41.8,43.8,"Dallas County, Missouri",2.62,56.9,23.6,42.6,27.8,6,50.8,39.6,23.1,95.53248008,0.078483458,0.078483458,0.688239556,57.53358925
168.7,395.8,45096,14.9,56.3,55.8,56.8,"Llano County, Texas",2.21,59,16.6,42,NA,4.6,59,47.8,21.4,95.24918491,2.23567769,0.274284531,0.708999638,55.48879131
160.9,494.7,90039,6.5,40.9,39.6,42.2,"Norfolk County, Massachusetts",2.58,52.2,8.7,26,NA,22.6,83.6,26.9,12.1,80.7158717,6.262568687,9.69608315,1.177221577,52.83939201
153.5,482.4,52238,16.8,35.6,34.4,36.6,"Hall County, Georgia",3,52.2,20.6,36.3,NA,3.8,61.5,29.4,17.1,82.72845314,7.546456928,1.747057196,5.992571149,56.16692476
173.3,453.5494221,44113,15.3,47.4,46.9,47.9,"Koochiching County, Minnesota",2.18,55,18.8,34.7,NA,6.7,62.3,47.5,26.8,93.71840049,0.880956029,0.643480925,0.015320974,49.86310746
167,456.8,49770,14.5,40.1,39.2,40.7,"Lincoln County, Nebraska",2.34,55.2,21.3,28.1,NA,3.3,72,31.7,13.9,95.6346111,0.835747716,0.509806107,1.016826387,50.01332445
184.4,461.5,42252,19.1,36.6,35.9,37.4,"Bedford County, Tennessee",2.72,54.2,17.1,42.3,NA,5.1,59.9,38.8,22.7,83.76027487,7.05432088,0.724133432,4.529639455,54.33287483
205.1,461.3,31835,26.5,37.6,36.5,38.7,"Covington County, Mississippi",2.76,44.7,21,36.5,41.7,0.8,50.5,44.7,28.6,62.79081711,35.85845617,0.179754507,0.097581018,45.0853781
173.9,456.9,37243,23.6,42.1,40.4,43.8,"Meriwether County, Georgia",2.65,48.7,35.9,30.1,28.9,5.1,51.2,42.6,25.2,57.56679345,38.31056017,0.577546133,1.554209513,47.19879139
171.6,411.6,35235,24.8,36.1,36.1,36.1,"Jeff Davis County, Georgia",2.75,54.9,46.4,22.7,NA,10.5,45.8,42.3,28.3,76.05070047,16.27084723,0,5.850567045,53.23834197
198.3,407.8,33968,27.7,37.4,34.1,40.6,"Decatur County, Georgia",2.46,43.4,24.4,31.6,NA,5.7,48.9,40.4,27.2,53.07546205,41.62100957,0.314120827,3.900942362,40.955342
185.8,464.7,51911,10.1,38.6,38,39.4,"DeKalb County, Indiana",2.58,52.6,17.7,41.2,31.2,9.9,68.5,30.4,15.4,96.90452072,0.259134491,0.452307475,0.530047822,52.53893026
255.8,492.8,32170,24,40.9,41.7,40.4,"Carter County, Missouri",2.54,46.7,13.9,49.1,NA,4.2,47.2,43.1,26.6,95.84659453,0.063653724,0,0.254614895,44.55768447
205.4,508.7,43936,16.8,42.8,40.9,44.3,"Kanawha County, West Virginia",2.28,47.9,20.4,33,NA,7.6,66,39.4,20.4,88.72214738,4.475812581,1.100738543,0.189222197,43.74346505
170.6,436.6,47905,11.7,49.8,48.5,51,"Lincoln County, Maine",2.25,53.5,20.9,38.5,NA,11.5,65.3,42.9,18.2,97.3357536,0.117109732,1.159386345,0.014638716,50.57139016
169.3,466.9,48316,13.5,44.3,43.1,45.5,"Keokuk County, Iowa",2.33,56.9,14.2,25.8,NA,7.4,69.7,41.1,20.8,97.81362355,0,0.21377903,0.476144204,53.34713596
147,453.5494221,55352,9.6,41.1,40.3,42.4,"Rock County, Minnesota",2.37,61,14.4,36.7,NA,6.7,73.8,34.2,16.9,96.60148489,0.533305448,0.930670292,0.355536965,56.98651056
162.1,1014.2,46954,20.1,24.6,25.6,23.6,"Williamsburg city, Virginia",2.37,26.2,1.5,10,78.3,10.2,83.3,22,8.9,74.88816592,15.27721296,5.889928155,0.460891962,36.33759365
189.8,438.8,43054,22.5,35.2,33.5,36.6,"Montgomery County, Alabama",2.47,39.5,19.9,30.8,NA,8.7,63.5,36.3,20.9,38.92380927,56.08929683,2.263542242,1.012545039,37.81552964
143.1,295.7,33893,22.8,41,39.9,41.3,"Webster County, Georgia",2.56,44.6,27.5,15.3,NA,2.7,56.1,40.6,26.1,43.19852941,55.84558824,0,0.955882353,41.14877589
159.5,400,41328,17.1,47.8,46.8,48.4,"Perquimans County, North Carolina",2.44,56.7,8,61.1,NA,5.2,58.3,46.5,22,73.02563343,24.27026226,0.01481701,0.392650763,53.49090909
161.2,473.4,51836,13.7,37.5,35.3,39.3,"Madison County, Nebraska",2.43,53.7,10.3,28.8,52.8,8.1,72.2,28.2,14.5,92.15630429,1.181965766,0.689242687,2.389564524,51.68844149
114.3,453.5494221,43083,12.1,48.8,48.1,49.8,"Rush County, Kansas",2.1,56.8,22,20.6,43,14.5,75.2,33.5,13.6,98.14698492,0,0,0.06281407,49.39434724
189.2,499,42588,20,39.1,38.1,40.4,"Muskegon County, Michigan",2.56,47.4,17.9,34.9,NA,3.7,64,41.4,24.2,80.93863532,13.81886251,0.510254661,0.437944286,47.8461777
183.7,463.3,49616,12.9,45.8,44.3,47.2,"Windham County, Vermont",2.21,50.7,11.9,30.9,NA,8.3,63.7,45.7,26.7,94.90628848,0.930274978,1.051119522,0.262209859,47.13228735
194.4,449.5,41324,18.7,41.1,39.4,42.7,"Lauderdale County, Alabama",2.35,52.4,12.7,24.5,NA,6,69.3,34.1,17.1,86.92646948,9.962582357,0.724629867,0.219976924,50.13726303
150.7,400.5,45439,17.7,37.6,36.1,41.6,"Logan County, Colorado",2.61,46.5,11.2,33.1,NA,2.9,59,37,22.3,91.3352791,1.445640277,2.129697191,0.957679679,49.20913884
152.5,357.5,46765,16,39,38.9,39,"Lake County, Colorado",2.38,52.5,17.5,29.3,NA,8.6,59.7,28.2,20.1,87.06873132,0.067916327,0.65199674,9.766367835,49.25619835
184.8,482.9,39449,22.2,34.8,33.6,35.9,"Delaware County, Indiana",2.4,42.1,9.4,19,63.5,8.2,68.2,32.3,16.8,88.76550049,5.806451613,1.259641198,0.547151319,43.3294727
194.9,486,59399,9.7,41.9,41.3,43.2,"Mills County, Iowa",2.63,58.6,22.3,29.1,NA,1.1,76.7,32.1,12.8,97.53734356,0.719956937,0.080742834,0.040371417,61.64104464
136.5,364.9,122641,3.9,35.3,34.9,35.6,"Loudoun County, Virginia",3.08,61.2,16.6,26.5,NA,17.1,86.9,11.8,4.6,67.77024968,7.432026406,16.20002905,3.625732993,65.51325905
166.4,385.7,50998,10.5,45,45.1,44.9,"Buffalo County, Wisconsin",2.29,59,14.5,39,NA,5.5,73.4,34.5,16,97.49230423,0.473008484,0.090096854,0.848412043,54.08074857
163.6,494.4,46283,17.2,39.9,37.8,42,"Broome County, New York",2.37,43.8,9.7,24.4,NA,11.6,69.2,38.9,21.2,86.90110201,5.433811392,4.089493319,0.995492016,43.30106657
202.9,375.9,30489,33.4,37.5,36.6,39.6,"St. Francis County, Arkansas",2.51,37.4,20.7,31.3,45.3,2.7,45.2,48.4,32.4,43.44121412,51.87420004,0.288901079,2.062534284,37.06256628
175,516.3,58392,10.2,38.3,37.1,39.1,"McClain County, Oklahoma",2.74,60.9,14.9,41,NA,2.8,71.2,28,13.6,83.79984663,0.922984224,0.60254163,2.623794917,61.37873754
209.2,526.5,36808,26.4,31.9,31.1,32.8,"Forrest County, Mississippi",2.58,38.9,9.2,18.7,NA,7.8,56.5,35.7,22.4,59.84370698,36.59511978,0.886359762,0.831290073,38.54840439
217,457,36739,21.4,43.2,42,45.1,"Fayette County, West Virginia",2.47,50.9,17.3,49.3,NA,4.4,53.4,47.8,27.8,93.37637809,5.160978609,0.103219572,0.230596917,49.88397759
157.6,453.5494221,41303,13.5,50.7,50.3,50.9,"Smith County, Kansas",2.21,60.7,10,37.2,NA,4.8,76,39.1,15.4,97.48663102,0.427807487,0.160427807,0.053475936,56.26874625
240.8,521.3,28341,25.7,40.7,40.7,40.8,"Clinton County, Kentucky",0.026,51.5,20.7,32.8,40.3,6.1,50.3,48.4,30.2,97.10443659,0.569297212,0.225755791,0.785237534,50.95904614
184.4,453.5494221,45180,15,38.2,36.5,40,"Cowley County, Kansas",2.48,51.9,12.8,32.3,46,8.9,69,34.4,17.4,87.71861748,3.168047895,1.610355054,1.89306799,50.73056692
205.8,474.6,35664,20.6,43.2,41.3,46.1,"Fayette County, Alabama",2.36,53.6,16.6,31.8,49.6,2.1,65.3,43.4,21.1,85.546875,12.38754735,0.390625,0,51.49921842
208.1,451.1,44623,15.5,41.4,38.8,43.8,"Perry County, Indiana",2.42,53.9,28.3,38.9,27.6,5.2,72.7,32.2,15.5,94.83362522,3.049345833,0.262697023,0.257546101,56.28948091
240.2,495.8,30671,31.2,42.8,39.3,45.7,"Fulton County, Kentucky",2.33,47.1,26.2,31.5,41.3,1,54.5,49.1,26.2,72.20492059,25.07007163,0.140143258,0.264715042,45.44392523
175.9,461.8,37782,23.2,42.6,42.2,43.5,"Okanogan County, Washington",2.42,54.1,26.1,41.4,NA,5.8,49.5,46.4,28.7,75.10645505,0.616955386,0.866156973,8.356721185,51.01389975
180.9,466.4,45704,18.5,39.8,37.5,43.2,"Franklin County, New York",2.36,45,23.6,33.1,NA,5.9,64.6,40.5,21.6,82.97971919,5.569422777,0.430967239,1.653666147,45.98391477
248.1,578.9,40260,18.6,41.1,39.3,42.6,"Mason County, Kentucky",2.52,53.3,18.3,31.8,42.3,7.6,63.6,38.7,20.8,89.8993987,6.805041628,0.300647549,0.046253469,51.97446556
167.3,425.8,44854,19.7,41.6,39.4,43.3,"Lancaster County, South Carolina",2.7,47.1,22.1,37.8,NA,4.6,61.1,37.4,20.2,73.83434035,22.79635258,0.754340844,0.822022323,48.64432727
167.5,405.3,52003,10.9,31.1,29.7,32.4,"LaGrange County, Indiana",0.0322,60.5,59.7,20.2,NA,2.4,43.1,23.8,13.4,97.85474215,0.049889717,0.257325911,0.081399013,67.85561908
224,508,33134,27.4,42.3,40.6,43.4,"Bienville Parish, Louisiana",2.35,43.4,20.3,39.6,35.1,5,53.6,44.2,24.3,55.59848322,41.94748515,0.007154611,1.101810117,40.16167871
137.7,332.9,29497,35.8,30.8,29,32.3,"McKinley County, New Mexico",3.97,33.5,25.1,35.8,NA,2.9,25,47.9,37.6,16.93289008,0.814886889,0.968945107,3.735236087,39.14033281
144.6,375,33387,23.3,56.5,58.6,55,"Wheeler County, Oregon",1.97,60.6,12.5,22.2,NA,19.4,74.4,46.6,11.9,96.81008902,0,0.370919881,0.370919881,54.69448584
201.3,467.9,34008,24.5,34.9,34.4,36.1,"Toombs County, Georgia",2.5,52.1,25.8,37.5,NA,1.8,46.3,39.4,26.5,66.40205807,25.69276001,0.915104741,4.318265344,48.43179478
196.5,475.7,39721,18.5,48.9,47.9,49.9,"Gladwin County, Michigan",2.3,57.2,24.9,36.2,NA,3.5,61.6,49.8,21.6,97.57656562,0.360770166,0.411748559,0.082349712,53.97810219
168.5,472.1,60460,14.3,32.7,32.2,33.2,"McLean County, Illinois",2.53,47.6,5.8,15.4,69.3,9.6,80.4,24.3,12.6,83.96028051,8.002241298,4.6997932,0.975080005,49.15220518
142.1,392,53290,13.6,30.1,27.2,32.2,"Wayne County, Nebraska",2.33,53.9,3.6,17.7,NA,2.4,82.7,22.2,9.1,95.25729443,3.342175066,0.021220159,0.732095491,58.74285714
140,388.9,50107,13.5,51.5,51.7,51.4,"Bandera County, Texas",2.45,57.5,21.8,48.5,NA,1.6,63,37.3,15.3,93.48432391,1.41373341,0.216387767,0.543373726,56.63289918
206.3,536.1,43945,17.6,42.6,40.7,44.7,"Mercer County, Kentucky",0.024,56.4,11.9,46.8,37.7,3.6,66,38,20.6,92.84977978,3.767219567,0.473245244,1.082372786,53.73980054
163.5,405.3,46332,16.8,35.5,34.6,37,"Minidoka County, Idaho",2.83,60.3,15.9,43.9,NA,0.9,55.7,32.2,18.7,89.35844963,0.290941368,0.369840722,6.972730411,61.27588137
119.3,428.8,70797,7.2,30.2,29.4,30.9,"Davis County, Utah",3.29,61.4,14.2,34.6,NA,4.7,81.5,18.8,9,89.65284779,1.215311064,1.933983561,3.030546674,68.10336023
159.7,430.2,53572,12,40.9,39.8,42.4,"Lewis and Clark County, Montana",2.38,51.7,13.6,31.7,49.4,5.3,74.1,30.3,13.2,93.63954894,0.526339948,0.627323776,0.2585798,49.23186185
177.2,490.7,42655,18.3,38.3,36.8,39.7,"Allegany County, New York",2.36,47.6,7.2,21.4,NA,5.7,67.8,38.7,20.2,95.65633451,1.408362804,1.196172249,0.4784689,49.29176921
172.7,423.7,44531,15.1,42.5,40.7,44.1,"Huntingdon County, Pennsylvania",2.36,51.4,9.9,50.5,34.3,5.2,70.5,38.2,17.9,92.1491744,5.284712238,0.457456542,0.411710887,55.09433962
153.9,388.8,48125,11.7,43.8,42.2,45,"Spink County, South Dakota",2.41,54,24.9,39.7,NA,6.8,69.9,34.9,18.3,95.78386606,0.426179604,0,1.065449011,50.96921323
119.8,348.4,48653,21.3,30.8,30.7,31,"Coconino County, Arizona",0.027,41.2,9.7,26.3,NA,7.1,61.1,29.8,17.8,62.81592673,1.563265814,1.658363874,3.577150131,44.86582724
164.9,438.1,70929,10.9,36.4,35.5,37.3,"Montgomery County, Texas",2.88,56.3,20.3,32.8,NA,7.4,68.4,23.3,13.5,86.40590864,3.543473157,2.513201721,3.716577859,58.84967501
142.1,269.9,32366,33.1,33.4,32.3,34.4,"Apache County, Arizona",3.67,34.8,25.8,39.1,34,1.1,31.5,50.8,38.8,23.2405302,0.612833453,0.427042316,1.056513782,40.00103778
136.8,421.9,41004,19.4,41.1,40.4,41.4,"Chouteau County, Montana",2.5,54.6,28.9,24.8,NA,8.9,53.1,38.7,22.9,76.1058924,0.068317677,0.290350128,0.905209223,53.01573427
194.4,444.5,33293,26.6,35.3,35.5,35.1,"Evans County, Georgia",0.026,47.6,15.2,33.7,48.8,2.3,52.1,41.8,27.5,58.39652303,30.16460144,0.841501757,10.15350472,45.90657961
161.3,385.3,33755,21.5,41.6,40.4,43.4,"Texas County, Missouri",2.67,48.4,26.2,38.8,NA,1.4,52.1,45.7,27.3,92.99397707,1.75636293,0.085486691,0.334175248,50.64593825
183.7,498.7,43518,18.9,37.8,35.8,39.6,"St. Lawrence County, New York",2.42,44.3,11.5,23.1,NA,7,66.9,37.8,20.5,93.11764023,2.222103186,1.004365643,0.814205748,46.34128688
203.8,464.3,34655,24.5,46.4,46.1,46.8,"Clare County, Michigan",2.28,51.6,21.2,35.1,NA,2.3,55.6,51.1,25.8,96.48323022,0.452621296,0.244220124,0.28980788,48.18559034
126.3,321,26336,31,30.5,29.1,32.7,"Zavala County, Texas",3.26,40.2,19,29.9,NA,0,32.9,48.6,35.5,91.16086235,0.456053068,0,7.76119403,42.01819686
230.6,544.2,35726,21.7,39.7,39.2,40.4,"Grayson County, Kentucky",2.6,55.1,18.3,42.8,NA,2.9,57.5,42.6,24.5,95.98861582,1.153801777,0.196146302,1.099957694,56.2296748
189.6,477.3,40124,20.1,39,37.6,40.5,"Houston County, Alabama",2.62,46.9,18,36.1,NA,5,63.4,36.7,20.7,69.70656982,26.4251357,0.764966098,0.823883942,46.61581243
169.9,453.5494221,51597,13.4,45.4,44.4,47.1,"Norman County, Minnesota",2.4,56.2,14.4,31.8,46.8,7,70.3,40.5,18.8,93.21578004,0.508069337,0.403466826,0.941422594,54.91202346
185.9,456.8,36285,21.7,44.8,43.7,45.9,"Hardin County, Tennessee",2.58,51.2,23.9,37.2,37.7,1.2,53.6,45,25.8,94.11969112,3.150579151,0.324324324,0.077220077,52.91257218
141.8,453.5494221,59900,8.4,45,43.6,46.4,"Houston County, Minnesota",2.35,58.1,11.8,30.3,NA,8.9,76.7,34.2,15,97.24643844,0.302998086,0.223261748,0.154156921,55.63023079
190.7,459.5,53872,12.9,38.9,38.1,39.5,"Hardin County, Texas",2.64,58.4,18.1,41.7,NA,3.7,65.9,27.8,14.1,91.09887133,5.807674944,0.633860045,1.094356659,57.44026155
191.5,501.1,44800,15.6,39.8,38.3,41,"Bay County, Florida",2.54,49,19.6,32.1,NA,6.8,60.6,36.3,19.6,82.06874134,10.76742343,2.033612199,0.616470776,47.33223403
198.5,426.8,34971,23,42.7,41.6,43.6,"Ouachita County, Arkansas",2.34,48.2,14.6,43.6,NA,3.3,57.3,46.1,25.9,57.15141351,40.18527392,0.155725922,0.187669701,43.8495072
